編號,客家語,客語標音,華語詞義,例句,翻譯,備註,詞性1,詞性2,分類
1-1,醫,rhi+,醫治,先生會同你醫好，毋使愁,醫生會把你治好，不必擔心。,,動詞,,1人體與醫療
1-2,看病,konˋ piangˋ,看病,今晡日先生無同人看病,今天醫生沒替人看病。,,動詞,,1人體與醫療
1-3,康健,kong+ kienˋ,健康,身體康健,身體健康。,,形容詞,,1人體與醫療
1-4,破病,poˋ piangˋ,生病,破病當艱苦,生病很不舒服。,,動詞,,1人體與醫療
1-5,寒着,honˇ do^,感冒,著忒少，嗄寒着咧！,穿太少，就感冒了！,,動詞,,1人體與醫療
1-6,著着,chogˋ do^,感染；中獎,"著着癌症
著着大獎","得到癌症。
中大獎。",,動詞,,1人體與醫療
1-7,嗽,cugˋ,咳嗽,阿奶寒着，緊嗽,祖母感冒，一直咳嗽。,,動詞,,1人體與醫療
1-8,發燒,fad^ sheu+,發燒,略略發燒,有點發燒。,,動詞,名詞,1人體與醫療
1-9,著傷,chogˋ shong+,受傷,佢跌倒，膝頭著傷,他跌倒，膝蓋受傷。,,動詞,,1人體與醫療
1-10,毋鬆爽,mˇ sung+ song^,不舒服,佢人毋鬆爽，今晡日愛請假,他人不舒服，今天要請假。,,形容詞,,1人體與醫療
1-11,熱着,ngiedˋ do^,中暑,天時恁熱，出去晒會熱着,天氣那麼熱，出去晒會中暑。,,動詞,,1人體與醫療
1-12,拉尿,laiˇ ngiauˋ,尿失禁、尿床,"佢忍毋核，拉尿咧！
昨暗晡食忒多茶，所以拉尿咧！","他忍不住，尿出來了！
昨晚喝太多茶，所以尿床了！",,動詞,,1人體與醫療
1-13,屙瀉巴,o+ siaˋ baˇ,拉肚子,食着無萋个菜，歸日屙瀉巴,吃了不新鮮的菜，整天拉肚子。,,動詞,,1人體與醫療
1-14,屙尿,o+ ngiauˋ,小便,老弟想屙尿，緊尋便所,弟弟想小便，一直找廁所。,,動詞,,1人體與醫療
1-15,屙屎,o+ shi^,大便,佢去便所屙屎，你愛等下無？,他去廁所大便，你要等一下嗎？,,動詞,,1人體與醫療
1-16,屁卵,piˋ lon^,屁,佢毋知食恁多麼个，打个屁卵當臭,他不知道吃了些什麼，放屁很臭。,,名詞,,1人體與醫療
1-17,消化,siau+ faˋ,消化,食梅對消化較好,吃梅子對消化比較有幫助。,,動詞,,1人體與醫療
1-18,大肚屎,taiˋ du^ shi^,大肚子，指懷孕,阿姊大肚屎，下個月愛降咧,姊姊懷孕，下個月要生產了。,,形容詞,,1人體與醫療
1-19,降,giungˋ,生（小孩）,吾老弟嫂上禮拜降妹,弟媳上星期生女兒。,,動詞,,1人體與醫療
1-20,血,hied^,血,"分刀割着，手緊出血
身體檢查愛抽血","被刀子割到，手一直流血。
身體檢查要抽血。",,名詞,,1人體與醫療
1-21,醫院（病院）,rhi+ rhenˋ (piangˋ rhenˋ),醫院,醫院在車頭附近,醫院在車站附近。,,名詞,,1人體與醫療
1-22,護士,fuˋ siiˋ,護士,做護士，愛有耐心,當護理師，要有耐心。,,名詞,,1人體與醫療
1-23,掛號,guaˋ hoˋ,掛號,去醫院掛號,去醫院掛號。,,動詞,,1人體與醫療
1-24,藥,rhogˋ,藥,"愛記得食藥
阿姆寒着，去藥房合藥
這菜無射藥，使得安心食","要記得吃藥。
媽媽感冒，去藥局配藥。
這菜沒有噴農藥，可以放心食用。",,名詞,,1人體與醫療
1-25,啄目睡,dug^ mug^ shoiˋ,打瞌睡,無睡飽會啄目睡,沒睡飽會打瞌睡。,,動詞,,1人體與醫療
1-26,頭那,teuˇ naˇ,頭,歸日頭那疾,整天頭痛。,,名詞,,1人體與醫療
1-27,頭那毛,teuˇ naˇ mo+,頭髮,剃頭那毛,理頭髮。,,名詞,,1人體與醫療
1-28,額頭,ngiag^ teuˇ,額頭,,,,名詞,,1人體與醫療
1-29,目眉,mug^ miˇ,眉毛,,,,名詞,,1人體與醫療
1-30,目珠,mug^ zhu+,眼睛,老咧！目珠花花,老了！眼睛濛濛的。,,名詞,,1人體與醫療
1-31,目汁,mug^ zhib^,眼淚,講佢兩句，斯目汁緊跌,說他兩句，就一直掉眼淚。,,名詞,,1人體與醫療
1-32,鼻公,piˋ gung+,鼻子,鼻公塞塞,鼻子塞住。,,名詞,,1人體與醫療
1-33,耳公,ngi^ gung+,耳朵,厥耳公聾聾，你講話愛較大聲兜,他耳朵重聽，你講話要大聲一點。,,名詞,,1人體與醫療
1-34,嘴,zhoiˋ,嘴巴,"厥嘴當大，使得一口食半碗飯
佢食墨斗魚，食都嘴烏烏","他的嘴巴很大，可以一口吃半碗飯。
他吃烏賊，吃到嘴巴黑黑的。",,名詞,,1人體與醫療
1-35,牙齒,ngaˇ chi^,牙齒,"牙齒疾，愛去分先生看
嬰兒正生牙齒","牙齒痛，要去給醫生看。
嬰兒剛長牙齒。",,名詞,,1人體與醫療
1-36,舌嫲,shedˋ maˇ,舌頭,"緊張去舌嫲打結
好食都舌嫲都會吞落去","緊張到舌頭打結。
好吃到快把舌頭吞下去。",,名詞,,1人體與醫療
1-37,口涎（口涎水）,heu^ lan+ (heu^ lan+ shui^),口水,口涎水溚溚跌,口水一直滴。,,名詞,,1人體與醫療
1-38,面,mienˋ,臉,朝晨（朝脣）䟘起來愛洗嘴洗面,早上起床要刷牙洗臉。,,名詞,,1人體與醫療
1-39,頸根,giang^ gin+,脖子,這禮拜逐日加班，感覺頸根硬硬,這星期每天加班，感覺脖子僵硬。,,名詞,,1人體與醫療
1-40,肩頭,gien+   teuˇ,肩膀,試着肩頭硬硬个樣,覺得肩膀緊繃的樣子。,,名詞,,1人體與醫療
1-41,背囊,boiˋ nongˇ,背部,爪背囊,抓背。,,名詞,,1人體與醫療
1-42,手,shiu^,手,阿爸牽核吾个手,爸爸牽著我的手。,,名詞,,1人體與醫療
1-43,手指,shiu^ zhi^,手指,阿嫂手指分刀切着，緊出血,嫂嫂手指被刀子切到，一直流血。,,名詞,,1人體與醫療
1-44,肚屎,du^ shi^,肚子,食着無淨俐个東西，肚屎疾緊走便所,吃到不乾淨的食物，肚子痛一直跑廁所。,,名詞,,1人體與醫療
1-45,肚臍,du^ ciˇ,肚臍,,,,名詞,,1人體與醫療
1-46,屎朏,shiˋ vud^,屁股,日頭晒屎朏，好䟘咧,太陽晒屁股，該起來了。,,名詞,,1人體與醫療
1-47,腳,giog^,腳,洗身該下腳愛洗淨,洗澡時腳要洗乾淨。,,名詞,數/量詞,1人體與醫療
1-48,腳趾,giog^ zhi^,腳趾,,,,名詞,,1人體與醫療
1-49,身體,shin+ ti^,身體,阿姆企忒久，身體佇毋著,媽媽站太久，身體撐不住。,,名詞,,1人體與醫療
1-50,心肝,sim+ gon+,心臟,佢嚇都心肝緊跳,他嚇得心跳加速。,,名詞,,1人體與醫療
1-51,腸,chongˇ,腸子,,,,名詞,,1人體與醫療
1-52,骨頭,gud^ teuˇ,骨頭,佢跌倒，骨頭斷撇,他跌倒，骨頭斷了。,,名詞,,1人體與醫療
1-53,人,nginˇ,人,厥屋家有五個人,他家有五個人。,,名詞,,1人體與醫療
2-1,飽,bau^,飽,食飽夜來去散步好無？,吃完晚餐後去散步好嗎？,,形容詞,,2心理活動與感覺
2-2,拚,biangˋ,賣力、拼,肯拚斯會出頭天,肯打拼就會出頭天。,,動詞,,2心理活動與感覺
2-3,發夢,bud^ mungˋ,做夢,昨暗晡發夢拉尿，還見笑,昨天晚上做夢尿床，很丟臉。,,動詞,,2心理活動與感覺
2-4,插,cab^,插；理會,"盎插核一蕊花
動啊着斯譴，莫插佢！","瓶子插著一朵花。
動不動就生氣，不要理他！",,動詞,,2心理活動與感覺
2-5,試着（測着）,chiˋ do^ (zed^ do^),認為、覺得,𠊎試着這麵包當好食,我覺得這個麵包很好吃。,,動詞,,2心理活動與感覺
2-6,著驚,chogˋ giang+,受驚嚇,佢喊恁大聲，害𠊎著驚,他喊那麼大聲，害我受驚。,,動詞,,2心理活動與感覺
2-7,知,di+,知道,下禮拜愛考試，你知無？,下星期要考試，你知道嗎？,,動詞,,2心理活動與感覺
2-8,起譴,ki^  kien^,發怒,佢自家走出去尞歸日，阿姆起譴咧,他自己出去玩一天，媽媽生氣了！,,動詞,,2心理活動與感覺
2-9,歡喜,fan+ hi^,歡喜,買一個等路送佢，分佢歡喜一下,買一個伴手禮送他，讓他高興一下。,,名詞,,2心理活動與感覺
2-10,放心,fongˋ sim+,放心,心肝肚毋放心,心裡不放心。,,形容詞,,2心理活動與感覺
2-11,敢,gam^,敢；有膽量、不畏懼,"暗晡頭自家去便所，敢抑毋敢？
厥該張嘴當敢講","晚上自己去廁所，敢不敢？
他那張嘴很敢講。",,動詞,形容詞,2心理活動與感覺
2-12,感覺,gam^ gog^,感覺,"你講佢怪怪？𠊎仰脣感覺毋出
轉寒咧！你無感覺係無？","你說他怪怪的？我怎麼感覺不出來。
變冷了！你不覺得嗎？",,動詞,,2心理活動與感覺
2-13,記得,giˋ ded^,記得,恁久無來，你還記得路無？,這麼久沒來，你還記得路嗎？,,動詞,,2心理活動與感覺
2-14,紀念,giˋ ngiamˋ,紀念,這東西當有紀念價值,這東西很有紀念價值。,,動詞,,2心理活動與感覺
2-15,驚,giang+,害怕,佢盡驚蛇哥,他很怕蛇。,,動詞,,2心理活動與感覺
2-16,見笑,gienˋ siauˋ,不好意思；慚愧,"佢滿哪借錢，試着當見笑
分先生罵還緊笑，毋知見笑","他到處借錢，覺得很不好意思。
被老師罵還一直笑，不知羞恥。",,動詞,,2心理活動與感覺
2-17,緊張,gin^ zhong+,緊張,"毋使恁緊張
緊張都舌嫲打結","不用那麼緊張
緊張到舌頭打結",,副詞,,2心理活動與感覺
2-18,好,hauˋ,喜好、喜歡,阿爹盡好食腹內,祖父最喜歡吃內臟。,,動詞,,2心理活動與感覺
2-19,恨,henˋ,恨,這種無責任感个人，你恨佢乜無用！,這種毫無責任感的人，你恨他也沒用！,,動詞,,2心理活動與感覺
2-20,幸福,henˋ fug^,幸福,佢過着當幸福个日,他過著很幸福的日子,,形容詞,,2心理活動與感覺
2-21,肯,hen^,肯、願意,這擺旅行，若姆肯分你去無？,這次旅行，你媽肯讓你去嗎？,,動詞,,2心理活動與感覺
2-22,希望,hi+ mongˋ,希望,"新年新希望
希望你尋着好頭路","新年新希望
希望你找到好工作。",,動詞,,2心理活動與感覺
2-23,興趣,hinˋ ciˋ,興趣,佢對數學當有興趣,他對數學很有興趣。,,名詞,,2心理活動與感覺
2-24,精神,zin+ shinˇ,精神,"看起來已精神
歸暗晡無睡，佢精神無已好","看起來很有精神
整晚沒睡，他精神很不好。",,形容詞,名詞,2心理活動與感覺
2-25,輕鬆,kiang+ sung+,輕鬆,厥頭路當輕鬆,他的工作很輕鬆。,,形容詞,,2心理活動與感覺
2-26,譴,kien^,生氣,"老弟毋聽話，阿姆當譴
厥面臭臭，毋知在譴麼个？","弟弟不聽話，媽媽很生氣。
他臉色不好，不知道在生氣什麼？",,形容詞,動詞,2心理活動與感覺
2-27,確定,kog^ tinˋ,明確而肯定,你愛先確定正同𠊎講,你要先確定再跟我說。,,動詞,,2心理活動與感覺
2-28,匱,kuaiˇ,窮苦,厥屋家當匱,他的家裡很貧窮。,,形容詞,,2心理活動與感覺
2-29,快樂（樂暢）,kuaiˋ logˋ (logˋ tiongˋ),快樂,"快樂過日
逐日都當快樂","快樂過日子
每天都很快樂",,形容詞,,2心理活動與感覺
2-30,理想,li+ siong^,理想,"佢有當高个人生理想
佢這擺个成績毋理想","他有很遠大的人生理想。
他這次的成績不理想。",,名詞,形容詞,2心理活動與感覺
2-31,毋記得,mˇ giˋ ded^,不記得、忘記,壞咧！吾錢毋記得帶着！,糟了！我的錢忘記帶了！,,動詞,,2心理活動與感覺
2-32,毋肯,mˇ hen^,不肯,阿奶毋肯𠊎緊食糖，驚牙齒會蛀撇,祖母不肯讓我一直吃糖果，怕會蛀牙。,,動詞,,2心理活動與感覺
2-33,毋怕,mˇ paˋ,不要緊、沒關係,這到無考好毋怕啦，下次擺加油斯好,這次沒考好不要緊啦，下次加油就好。,,副詞,,2心理活動與感覺
2-34,毋識,mˇ shid^,不認得；不曾,"十外年正見一到，這下佢毋識你咧
食恁遽做麼个？毋識食過係無？","十多年才見一次，現在他都不認得你了。
吃這麼快幹麼？不曾吃過嗎？",,動詞,副詞,2心理活動與感覺
2-35,毋知,mˇ di+,不知道,逐擺都恁泥，搞都毋知好轉,每次都這樣，玩到不知道回家。,,動詞,,2心理活動與感覺
2-36,無愛,moˇ oiˋ/moiˊ,不要,佢恁魯夫，無愛同佢尞較好,他那麼不講理，不要跟他玩比較好。,,動詞,,2心理活動與感覺
2-37,惱,nau+,討厭,佢盡惱黃蚻，尤其係會飛个,他非常討厭蟑螂，尤其是會飛的。,,動詞,,2心理活動與感覺
2-38,忍,ngiun+,忍,你斯愛忍核,你可要忍住,,動詞,,2心理活動與感覺
2-39,餓,ngoˋ,餓,"準講日過來苦，乜毋會分你餓着
兩三日無食東西，佢斯餓死","就算日子苦，也不會讓你挨餓。
兩三天沒吃東西，他就餓死。",,動詞,,2心理活動與感覺
2-40,愛,oiˋ,要；喜歡、愛,正餐愛食飽，莫緊食點心,正餐要吃飽，不要一直吃點心。,本讀oiˋ，口語oi+,動詞,,2心理活動與感覺
2-41,安心,on+ sim+,安心,"佢分地動嚇着，無辦法安心睡目
時間還罅，你做你安心食","他被地震嚇到，沒辦法安心睡覺。
時間還夠，你儘管安心吃。",,動詞,,2心理活動與感覺
2-42,敗勢（歪勢）,pai+ sheˋ (vai+ sheˋ),不好意思；對不起（表歉意）,"敗勢！借過一下！
正經當敗勢","不好意思！借過一下！
真的很對不起",,形容詞,,2心理活動與感覺
2-43,平安,pinˇ on+,平安,姨丈去廟項同屋家人求平安,姨丈去廟裡替家人祈求平安。,,形容詞,名詞,2心理活動與感覺
2-44,愁,seuˇ,憂愁、擔心,佢一個人去臺北打拚，厥姆當愁,他一個人去臺北打拼，他媽媽很擔心。,,動詞,,2心理活動與感覺
2-45,識,shid^,認得；曾經,"無人識
看毋識
表阿哥識去過日本尞
目珠擘大嫲粒，毋識看過係無？","沒人認得
看不懂
表哥曾經去日本玩過。
眼睛睜那麼大，沒有看過嗎？",,動詞,副詞,2心理活動與感覺
2-46,失望,shid^ mongˋ,失望,爺哀對佢當失望,父母對他很失望。,,形容詞,,2心理活動與感覺
2-47,爽（爽快）,song^ (song^ kuaiˋ),爽、舒適,"心情當爽快
坐火車坐都當爽","心情很爽。
坐火車坐得很舒適",,形容詞,,2心理活動與感覺
2-48,傷心,shong+ sim+,傷心,狗消撇，阿古噭都十分傷心,狗死了，阿古哭得非常傷心。,,動詞,,2心理活動與感覺
2-49,貪（貪心）,tam+ (tam+ sim+),貪心,佢這人當貪，看着麼个都想愛,他這個人很貪心，看到什麼都想要。,,形容詞,,2心理活動與感覺
2-50, 𤸁（悿）,kioiˋ (tiam^),累,這駁趕事，加班當𤸁,這陣子趕工作，加班很累。,,形容詞,,2心理活動與感覺
2-51,暢,tiongˋ,高興,老妹考一百分，暢都耐毋得,妹妹考一百分，開心得不得了。,,形容詞,,2心理活動與感覺
2-52,揣,tonˇ,推測、猜測,"分你揣去準準
揣看啊！看揣得着無？","被你猜得很準
猜看看！看猜得到嗎?",,動詞,,2心理活動與感覺
2-53,心肝肚,sim+ gon+ du^,心中,阿姊愛嫁，阿姆心肝肚試着真毋盼得,姊姊要嫁人，媽媽心裡感到很捨不得。,,副詞,,2心理活動與感覺
2-54,信心,sinˋ sim+,信心,愛對自家有信心,要對自己有信心。,,名詞,,2心理活動與感覺
2-55,想,siong^,想,你想清楚，正同𠊎講,你想清楚，再跟我講。,,動詞,,2心理活動與感覺
2-56,想愛,siong^ oiˋ,想要,𠊎愛去市場，你有想愛買麼个無？,我要去市場，你有想買什麼嗎？,,動詞,,2心理活動與感覺
2-57,相信,siong+ sinˋ,相信,大家愛相信佢,大家要相信他。,,動詞,,2心理活動與感覺
2-58,中意（合意）,zhungˋ rhiˋ (gag^ rhiˋ),喜歡,𠊎當中意該隻人公,我很喜歡那個人偶。,,動詞,,2心理活動與感覺
3-1,送,sungˋ,送,"這係人送个，毋係自家買个
阿爸送佢一臺鐵馬","這是別人送的，不是自己買的。
爸爸送他一輛自行車。",,動詞,,3外在活動與動作
3-2,𢱤,sung^,推,"自家个頭路，毋好𢱤分別人做
車毋會停動，你落來𢱤車","自己的工作，不要推給別人做。
車子不會動，你下來推車子。",,動詞,,3外在活動與動作
3-3,背,baˇ,背；負荷；將衣服套在身上,"背細人去散步
天時恁熱，你背恁多衫做麼个？","背小孩去散步
天氣那麼熱，你套那麼多衣服幹麼？",,動詞,,3外在活動與動作
3-4,飛,bui+,飛翔,鳥飛入屋肚，逐毋出去,鳥飛進房子裡，趕不出去。,,動詞,,3外在活動與動作
3-5,放,fongˋ/biongˋ,解脫約束,"這圖片放較大一屑
放佢自家去做","這張圖片放大一點。
由他自己去做",,動詞,,3外在活動與動作
3-6,放,biongˋ,放置,錢放在桌頂，你自家拿,錢放在桌上，你自己拿。,,動詞,,3外在活動與動作
3-7,扯,cha^,撕；撕破,"同這紙箱扯開來
簿分老弟扯爛爛","把這個紙箱撕開來。
簿子被弟弟撕爛。",,動詞,,3外在活動與動作
3-8,刷（鑢）,sod^ (luˋ),刷洗,用刷來刷布鞋,用刷子刷布鞋,,動詞,,3外在活動與動作
3-9,坐,co+,坐,"來啊！坐緊食飯
坐愛有坐个樣","來啊！坐下吃飯。
坐要有坐相。",,動詞,,3外在活動與動作
3-10,撞着,congˋ do^,撞到,分車撞着，好得人無仰脣,被車子撞到，還好人沒怎樣。,,動詞,,3外在活動與動作
3-11,捽,cudˋ,擦拭,同字簿捽淨來,把作業簿擦乾淨,,動詞,,3外在活動與動作
3-12,出去,chud^ kiˋ,出去,"行啊出去斯毋記得咧！
日頭恁烈，毋好出去晒日頭","剛走出去就忘記了！
陽光正烈，不要出去晒太陽。",「去」本讀kiˋ，口語ki+,動詞,,3外在活動與動作
3-13,出來,chud^ loiˇ,出來,"衫恁短，肚臍走出來咧
文章還寫毋出來","衣服那麼短，肚臍露出來了。
文章還寫不出來",,動詞,,3外在活動與動作
3-14,出入,chud^ ngibˋ,出入,"車恁多，出入愛注意
錢銀出入愛記清楚","車子這麼多，出入要注意。
錢的收支要記清楚",,動詞,,3外在活動與動作
3-15,伸,chun+,伸展,手伸較長兜,手伸長一點,,動詞,,3外在活動與動作
3-16,伸手,chun+ shiu^,伸手,佢伸手同人討錢,他伸手向人要錢,,動詞,,3外在活動與動作
3-17,打,da^,打,"打粄
打球","做粄
打球",,動詞,,3外在活動與動作
3-18,打屁卵,da^ piˋ lon^,放屁,佢食番薯，緊打屁卵,他吃地瓜，一直放屁。,,動詞,,3外在活動與動作
3-19,打開,da^ koi+ ,打開,同這包餅打開來食,把這包餅乾打開來吃,,動詞,,3外在活動與動作
3-20,帶,daiˋ,帶,"記得愛帶等路轉來
皮包毋記得帶着","記得要帶伴手禮回來。
皮包忘記帶了",,動詞,,3外在活動與動作
3-21,抵,de^,遮蔽,"用笠嫲抵核，較毋會晒着
這帽分你抵日頭","用斗笠遮著，比較不會晒到。
這帽子給你遮陽光。",,動詞,,3外在活動與動作
3-22,擲,debˋ,丟,"擲球愛細義
拚房間，麼个都擲淨淨","丟球要小心
打掃房間，什麼都丟光。",,動詞,,3外在活動與動作
3-23,等,den^,等,你在這等𠊎一下,你在這裡等我一下,,動詞,,3外在活動與動作
3-24,等下（等加下）,den^ haˋ (den^ ga+ haˋ),等一下,使得等下無?,可以等一下嗎？,,動詞,短語,3外在活動與動作
3-25,兜,deu+,端、捧,"兜人飯碗無恁簡單
看人恁無閒，還毋來𢯭兜凳","為別人工作不是簡單事。
看人這麼忙碌，還不來幫忙端椅子。",,動詞,,3外在活動與動作
3-26,跌倒,died^ do^,跌倒,行路愛細義，無會跌倒,走路要小心，不然會跌倒。,,動詞,,3外在活動與動作
3-27,擋,dong^,擋住,莫擋核人看電視啦！,不要擋住別人看電視！,,動詞,,3外在活動與動作
3-28,揞,em+,蒙住（常用於蒙住身體部位）,"你緊嗽，愛記得揞嘴
佢試着見笑，同面揞緊","你一直咳嗽，要記得蒙住嘴巴。
他覺得丟臉，把臉蒙住。",,動詞,,3外在活動與動作
3-29,發明,fad^ minˇ,發明,愛迪生發明電火,愛迪生發明電燈。,,動詞,,3外在活動與動作
3-30,分,fun+,分開、分辨,厥兩儕當相像，連同學都分毋出來,他們兩人很像，連同學都分不出來。,,動詞,數/量詞,3外在活動與動作
3-31,攪,giau+,攪拌、拌和,"攪紅毛泥。
佢食麵定著愛攪辣醬。","攪拌水泥。
他吃麵一定要拌辣椒醬。",,動詞,,3外在活動與動作
3-32,交,gau+,繳交,"
下禮拜一愛記得交作業",下星期一要記得交作業。,,動詞,,3外在活動與動作
3-33,弇,giemˇ,蓋上、蓋起來（動詞）,"鑊蓋弇起來，熻一下
恁多烏蠅，遽同桌項个蓮霧弇緊","鍋蓋蓋起來，燜煮一下。
這麼多蒼蠅，快把桌上的蓮霧蓋起來。",,動詞,,3外在活動與動作
3-34,噭,gieuˋ,哭、哭泣,厥心肝肚艱苦，在間項噭都無聲,他心裡難受，在房裡泣不成聲。,,動詞,,3外在活動與動作
3-35,根據,gin+ ki^,根據,"根據政府个公告，天光日放尞
莫講這無根據个事情。","根據政府的公告，明天放假。
別說這種沒有根據的事情。",gin+ gi^ 亦可,動詞,,3外在活動與動作
3-36,逐,giug^ ,追趕,"雞分狗逐都緊飛
時間吂到斯緊逐，緊張麼个？
烏蠅逐都逐毋走，還得人惱","雞被狗追到一直飛。
時間還沒到就一直趕，緊張什麼？
蒼蠅趕都趕不走，真討厭。",,動詞,,3外在活動與動作
3-37,過去,goˋ kiˋ,過去,"直直行過去斯到厥屋家咧！
巴掌嫲盪過去","直直走過去就到他家了！
一巴掌打過去",,動詞,,3外在活動與動作
3-38,過來,goˋ loiˇ,過來,"定定行過來，毋好用走
同該張凳徙過來放","慢慢走過來，不要用跑的。
把那張椅子移過來放。",,動詞,,3外在活動與動作
3-39,割,god^,割,"分刀割着
割豬肉","被刀子割到
買豬肉",,動詞,,3外在活動與動作
3-40,蓋,goiˋ,覆蓋,阿姆同老弟蓋被,媽媽幫弟弟蓋被子。,,動詞,名詞,3外在活動與動作
3-41,講,gong^,講、說,"你在該講麼个？𠊎完全聽毋識
你會講客無？","你在說什麼？我完全聽不懂。
你會講客語嗎？",,動詞,,3外在活動與動作
3-42,講話（講事）,gong^ faˋ (gong^ siiˋ),說話,毋好亂講話,不要亂講話,,動詞,,3外在活動與動作
3-43,扛,gong+,抬；合力,"你兩儕，同這桶扛出去
兩儕扛緊來做，較遽做好","你們兩個，把這個桶子抬出去。
兩個人合力一起做，比較快做好。",,動詞,,3外在活動與動作
3-44,跍,gu+,蹲,"跍核洗衫當辛苦
跍恁久，腳痺撇咧！","蹲著洗衣服很辛苦。
蹲那麼久，腳麻掉了！",,動詞,,3外在活動與動作
3-45,關,guan+,關,外背蚊恁多，門愛關好來,外面蚊子那麼多，門要關好。,,動詞,,3外在活動與動作
3-46,落來,logˋ loiˇ,下來,"地動當搖，圍牆橫落來
麼个東西跌落來?恁大聲","地震搖得很厲害，圍牆倒下來。
什麼東西掉下來？那麼大聲。",,動詞,,3外在活動與動作
3-47,落去,logˋ ki+,下去,"企較後背兜，無會跌落去
這位有個空佢無看着，腳斯漯落去","站後面一點，不然會跌下去。
這有個洞他沒看到，腳就陷下去。",,動詞,,3外在活動與動作
3-48,行,hangˇ,行走,"緊行緊看
行來行去","邊走邊看
走來走去",,動詞,,3外在活動與動作
3-49,行路,hangˇluˋ,走路,老弟逐日行路去讀書,弟弟每天走路去上學。,,動詞,,3外在活動與動作
3-50,喊,hem+,叫,食飽咧！喊阿哥落來洗碗,吃飽了！叫哥哥下來洗碗。,,動詞,,3外在活動與動作
3-51,去,kiˋ,去,"佢又瀉去哪？
阿哥逐禮拜去圖書館讀書","他又跑去哪裡？
哥哥每星期去圖書館讀書。",,動詞,,3外在活動與動作
3-52,起來,ki^ loiˇ,起來,"看着垃圾，愛拈起來
你毋係愛睡目？做麼又起來？","看到垃圾，要撿起來。
你不是要睡覺？怎麼又爬起來？",,動詞,,3外在活動與動作
3-53,挾,giabˋ,挾取,阿姆挾菜分老弟食,媽媽挾菜給弟弟吃。,,動詞,,3外在活動與動作
3-54,歇睏（休息）,hied^ kunˋ (hiu+ sid^),休息,當晝愛歇睏一點鐘,中午要休息一小時。,,動詞,,3外在活動與動作
3-55,畜,hiug^,畜養,"畜狗
𠊎毋敢畜魚，驚畜毋生","養狗
我不敢養魚，怕養不活。",,動詞,,3外在活動與動作
3-56,䟘,hongˋ,起身、起來,先生喊你，你斯愛企䟘來,老師喊你，你就要站起來。,,動詞,,3外在活動與動作
3-57,舀,rheu^,舀,"舀一杓水來，𠊎愛淋菜
係講愛食，斯愛自家舀","舀一杓水來，我要澆菜。
如果要吃，就要自己舀。",,動詞,,3外在活動與動作
3-58,有,rhiu+,有,"厥屋家有四個人
豬有四隻腳
有食着斯好","他家有四個人。
豬有四隻腳。
有吃到就好",,動詞,,3外在活動與動作
3-59,用,rhungˋ,使用、利用,阿太還毋會用手機,曾祖父（母）還不會用手機。,,動詞,,3外在活動與動作
3-60,接,ziab^,接,"電話響咧！你去接下好無？
你有閒無？敢使得同𠊎接細人？","電話響了！你去接一下好嗎？
你有空嗎？可以幫我接小孩嗎？",,動詞,,3外在活動與動作
3-61,浸,zimˋ,浸泡,"衫褲先浸緊，天光朝晨（朝脣）正洗
熱天搞水愛細義，係浸著斯無結煞哦！","衣服先浸泡，明天早上再洗。
夏天玩水要注意，要是溺水可就麻煩大了！",,動詞,,3外在活動與動作
3-62,㧡,kai+,以肩擔、挑,㧡菜去市場賣,挑菜去市場賣,,動詞,,3外在活動與動作
3-63,敲,kauˋ,敲,敲麼个東西？敲都恁大聲,敲什麼東西？敲得那麼大聲。,,動詞,,3外在活動與動作
3-64,企,ki+,站,"
在這企緊等，𠊎等下來載你",站在這裡等，我等一下來載你。,,動詞,,3外在活動與動作
3-65,擎,kiaˇ,舉；拿（傘、筆）,"擎手
擎筆
擎钁頭","舉手
拿筆
拿鋤頭",,動詞,,3外在活動與動作
3-66,牽,kien+,牽,"渡細人過大路，手愛牽好來。
牽手。","帶小孩子過大馬路，手要牽好。
牽手。",,動詞,,3外在活動與動作
3-67,開,koi+,開,門開開，毋驚賊入來係無？,門開著，不怕小偷進來嗎？,,動詞,,3外在活動與動作
3-68,看,konˋ,看；探望,"敗勢！𠊎看毋著咧！你寫个正著。
破病愛分先生看
去院項看佢","抱歉！我看錯了！你寫的才對。
生病要看醫生
去醫院探望他",,動詞,,3外在活動與動作
3-69,囥,kongˋ,藏匿,奇怪，囥到哪去？尋恁久還尋毋着。,奇怪，藏到哪裡了？找那麼久還是找不到。,,動詞,,3外在活動與動作
3-70,擐,kuanˋ,提,"擐皮包
這恁重，麼人擐得贏","提皮包
這那麼重，誰提得動。",,動詞,,3外在活動與動作
3-71,跪,kui^,跪下,"佢跪在地泥下緊噭
佢跪落來請大家原諒。","他跪在地上一直哭。
他跪下來請求大家原諒。",,動詞,,3外在活動與動作
3-72,拉,lai+,拉,"𠊎企毋起來，你來拉𠊎一下
頭家請人來拉生理","我站不起來，你來拉我一下。
老闆請人來招攬生意。",,動詞,,3外在活動與動作
3-73,撈,leuˇ,撈,"同水餃撈起來放盤裡肚
去夜市撈魚","把水餃撈起來放盤子裡。
去夜市撈魚",,動詞,,3外在活動與動作
3-74,利用,liˋ rhungˋ,利用,"愛好好利用時間讀書
佢分人利用還毋知，還戇","要好好利用時間讀書
他被人利用了還不知道，真笨。",,動詞,,3外在活動與動作
3-75,啉,lim+,喝,有啉酒个人，使毋得駛車,有喝酒的人，不可以開車,,動詞,,3外在活動與動作
3-76,流,liuˇ,流,天時轉寒，緊流濞,天氣變冷，一直流鼻涕。,,動詞,,3外在活動與動作
3-77,落,logˋ,落下,"天時變化恁大，今年落雹咧
阿奶去菜園落肥","天氣變化很大，今年下冰雹了。
祖母去菜園施肥。",,動詞,,3外在活動與動作
3-78,入去,ngibˋ kiˋ/ki+,進去,"便所有人，你使毋得入去。
行入去。
走入去。","廁所裡有人，你不能進去。
走進去。
跑進去。",,動詞,,3外在活動與動作
3-79,入來,ngibˋ loiˇ,進來,"遽遽入來啊！外背企緊做麼个？
入來坐。
拿入來。","快點進來啊！站在外面做什麼？
進來坐。
拿進來。",,動詞,,3外在活動與動作
3-80,來,loiˇ,來,"你幾多點愛來？
若等先食緊來。","你幾點要來？
你們先用餐吧。",,動詞,,3外在活動與動作
3-81,來去,loiˇ kiˋ,去,等來去看電影,我們去看電影。,,動詞,,3外在活動與動作
3-82,熝,lugˋ,燙,"
阿姆分滾水熝着",媽媽被熱水燙到。,,動詞,,3外在活動與動作
3-83,抺,miˇ,擦拭,"桌面當油，愛抺抺嚟！
食飽愛抺桌","桌子很油，要擦一擦！
吃飽要擦桌子。",,動詞,,3外在活動與動作
3-84,摸,mia+,觸摸、觸碰,"你放忒高咧，𠊎連摸都摸毋着
桌面恁垃圾，莫這摸該摸","你放太高了，我連摸都摸不到。
桌面這麼髒，別亂碰。",,動詞,,3外在活動與動作
3-85,磨,moˋ,磨,磨豆腐,磨豆腐,,動詞,,3外在活動與動作
3-86,拿,na+,拿,仰恁牛，拿啊着斯搞壞撇,怎麼那麼頑皮，剛拿到就弄壞掉。,,動詞,,3外在活動與動作
3-87,揇,nam^,抱,"厥妹驚生份，毋肯人揇
佢數學無考好，揇核被骨噭
阿伯係阿奶揇來个，毋係自家降个","他女兒很怕生，不肯讓別人抱。
他數學沒考好，抱著棉被哭。
伯伯是祖母抱回來養的，不是親生的。",,動詞,,3外在活動與動作
3-88,咬,ngau+,咬,"豬腳愛罅綿，正咬得落
佢還細時識分狗咬着，所以當驚狗","豬腳要夠爛，才咬得下去。
他還小的時候曾被狗咬，所以很怕狗。",,動詞,,3外在活動與動作
3-89,拈,ngiam+,撿,"佢在路項拈着五百個銀
吾東西跌落去咧，你使得同𠊎拈無？","他在路上撿到五百元。
我的東西掉下去了，你可以幫我撿嗎？",,動詞,,3外在活動與動作
3-90,入去,ngibˋ kiˋ/hi+,進去,門無關好，蚊會走入去,門沒關好，蚊子會跑進去。,,動詞,,3外在活動與動作
3-91,撚,ngien^,擠壓；捏,"撚牙膏
撚雞毋知屎出","擠牙膏
抓雞時太用力，連雞脫糞快死了都不知道（比喻貪得無厭）",,動詞,,3外在活動與動作
3-92,扭,ngiu^,扭動；扭轉,"扭屎朏
扭腳髀","扭屁股
擰大腿",,動詞,,3外在活動與動作
3-93,爬,paˇ,爬行,地泥當淨，放佢爬無相干,地板很乾淨，讓他爬沒關係。,,動詞,,3外在活動與動作
3-94,划飯,pa+ ponˋ,把飯撥進嘴裡,為着赴看電視，佢划飯划當遽,為了趕得及看電視，他扒飯扒得很快。,,動詞,,3外在活動與動作
3-95,鼻,piˋ,聞、嗅,這花鼻起來香香,這花聞起來香香的。,,動詞,,3外在活動與動作
3-96,拍手,pog^ shiu^,拍手,佢係做來好斯愛同佢拍手,他如果做得好就要為他拍手,,動詞,,3外在活動與動作
3-97,拍,pog^,拍,"拍球
拍一齣戲","拍球
拍一部戲",,動詞,,3外在活動與動作
3-98,翻,pon+,嘔、吐,佢暈船，食落肚个東西翻淨淨。,他暈船，吃進肚裡的食物吐光光。,,動詞,,3外在活動與動作
3-99,呸,puiˋ,吐掉,食牛眼，核愛呸撇,吃龍眼，籽要吐掉。,,動詞,,3外在活動與動作
3-100,歕,punˇ,吹,你愛歕較大力兜,你要吹大力一點。,,動詞,,3外在活動與動作
3-101,尋,cimˇ,尋找,"走哪去?歸日尋你毋着
老弟走去間項囥緊又毋出聲，害阿姆尋上尋落","去哪了？整天找不到你。
弟弟去房間裡躲著又不出聲，害媽媽到處找他。",,動詞,,3外在活動與動作
3-102,搶,ciong^,搶,有時節，賊偷東西毋過手斯用搶个,有時候，小偷偷東西失手就用搶的,,動詞,,3外在活動與動作
3-103,晒,saiˋ,晒,"佢用竹篙晒衫褲
恁好天，出來晒日頭","他用竹竿晒衣服
天氣那麼好，出來晒太陽。",,動詞,,3外在活動與動作
3-104,行尞（散步）,hangˇ liauˋ (sanˋ puˋ),散步,阿爹食飽夜斯去行尞,祖父吃完晚餐就去散步,,動詞,,3外在活動與動作
3-105,洗,se^,洗,"洗果子
洗水槽","洗水果
洗水槽",,動詞,,3外在活動與動作
3-106,笑,siauˋ,笑,"你做麼个緊笑？
講該麼个話？會笑死人！","你幹麼一直笑？
說那什麼話？會笑死人！",,動詞,,3外在活動與動作
3-107,用（使用）,rhungˋ (sii^ rhungˋ),使用,這焙衫機你知愛仰脣用無？,這烘衣機你知道要怎麼使用嗎？,,動詞,,3外在活動與動作
3-108,梳,siiˊ/sii+,梳,梳頭那毛,梳頭髮,,動詞,,3外在活動與動作
3-109,食,shidˋ ,吃,"恁多忒等，你恁多儕分核來食
這果子進口个，當好食","這麼多而已，你們幾個分著吃。
這水果是進口的，很好吃。",,動詞,,3外在活動與動作
3-110,收,shiu+,收,"這片斯分你收尾
愛考試咧！同書收起來","這邊讓你收尾
要考試了！把書收起來。",,動詞,,3外在活動與動作
3-111,䌈,tag^,繫、綁,煮飯時節，頭那毛愛䌈起來,煮飯時，頭髮要綁起來。,,動詞,,3外在活動與動作
3-112,聽,ten+,聽,"聽啊着斯噭咧！
你講麼个？全全聽無！","一聽到就哭了！
你說什麼？都聽不懂！",,動詞,,3外在活動與動作
3-113,踢,ted^,踢,"踢球
老弟踢着桌，腳烏青咧","踢球
弟弟踢到桌子，腳瘀青了。",,動詞,,3外在活動與動作
3-114,跈,tenˇ,跟隨,"跈人毋着
這藥愛跈三餐食","跟不上別人
這藥要隨著三餐吃。",,動詞,,3外在活動與動作
3-115,偷,teu+,偷,桌項个書毋知分麼人偷走,桌上的書不知道被誰偷走。,,動詞,,3外在活動與動作
3-116,跳,tiauˇ,跳,"跳索
佢緊張去心肝哱哱跳","跳繩
他緊張到心臟蹦蹦跳。",,動詞,,3外在活動與動作
3-117,脫,tod^,脫,衫著忒多，脫撇一領,穿太多衣服，脫掉一件。,,動詞,,3外在活動與動作
3-118,擇,togˋ,挑選,"愛哪隻？你自家擇！
阿明在廳下擇菜","要哪個？你自己挑！
阿明在客廳挑菜。",,動詞,,3外在活動與動作
3-119,袋,toiˋ,用袋子裝；量詞,"同這菜袋起來，拿去分叔婆
一袋梨","把這菜裝起來，拿去給叔婆。
一袋梨子",,動詞,數/量詞,3外在活動與動作
3-120,動,tung+,動,厥東西放這片，你斯動毋得哦！,他的東西放這邊，你不能動哦！,,動詞,,3外在活動與動作
3-121,挖,vag^/rhed^,挖,"緊挖鼻公，會挖都出鼻血哦！
挖空
挖開來","一直挖鼻子，會挖到流鼻血哦！
挖洞
挖開來",,動詞,,3外在活動與動作
3-122,換,vanˋ,換,搞都溼溚溚，遽去換褲,玩到溼答答，快點去換褲子。,,動詞,,3外在活動與動作
3-123,寫,sia^,寫,看恁久，還係寫毋出來,看那麼久，還是寫不出來。,,動詞,,3外在活動與動作
3-124,醒,ciang^,醒,阿爸睡當晝還吂醒，你去喊佢,爸爸睡午覺還沒睡醒，你去叫他。,,動詞,,3外在活動與動作
3-125,削,siog^,削,煮苦瓜毋使削皮,煮苦瓜不用削皮,,動詞,,3外在活動與動作
3-126,摘,zag^,摘,"摘茶。
摘菜。","摘茶。
摘菜。",,動詞,,3外在活動與動作
3-127,整,zhang^,修理,厥頭路係整鐵馬,他的工作是修理自行車。,,動詞,,3外在活動與動作
3-128,照顧,zheuˋguˋ,照顧,無人照顧,沒人照顧,,動詞,,3外在活動與動作
3-129,走,zeu^,跑,"講着愛食飯，佢走盡遽
走毋贏人","說到要吃飯，他跑最快。
跑不贏別人",,動詞,,3外在活動與動作
3-130,整理,zhin^ li+,整理,間項整理下,房間裡面整理一下,,動詞,,3外在活動與動作
3-131,做,zoˋ,做；儘管,"做頭路
做生理
你做你食，毋怕
你做你講，阿爸分你靠","工作
做生意
你儘管吃，沒關係。
你儘管講，爸爸當你靠山。",,動詞,,3外在活動與動作
3-132,捉,zog^,抓,"捉魚
分𠊎捉着咧！","抓魚
被我抓到了！",,動詞,,3外在活動與動作
3-133,著,zhog^,穿,若衫著毋著片咧！,你的衣服穿反了！,,動詞,,3外在活動與動作
3-134,轉,zhon^,回家,幾下日無轉,好幾天沒回家,,動詞,,3外在活動與動作
3-135,轉去, zhon^ kiˋ,回去,鉛筆盒無帶着，佢自家走轉去拿,沒帶鉛筆盒，他自己跑回去拿。,,動詞,,3外在活動與動作
3-136,轉來,zhon^ loiˇ,回來,哪久愛轉來？,何時要回來？,,動詞,,3外在活動與動作
3-137,掌,zhong^,看管、看守,"掌牛
掌緊電視","看守牛隻
守著電視",,動詞,,3外在活動與動作
3-138,張,zhong+,盛裝,"張茶食
拿盒張緊","裝茶喝
拿盒子裝著",,動詞,,3外在活動與動作
3-139,煮,zhu^,煮,"煮食
煮茶","煮飯
煮茶",,動詞,,3外在活動與動作
3-140,準備,zhun^ piˋ,準備,準備好吂？,準備好了嗎？,,動詞,,3外在活動與動作
3-141,種,zhungˋ,種植,"種樹
種菜","種樹
種菜",,動詞,,3外在活動與動作
3-142,燉,dun+,燉,"燉補
燉四物湯","燉補
燉四物湯",,動詞,,3外在活動與動作
3-143,喊,hem+,喊叫,佢看着老鼠，喊都大嫲聲,他看到老鼠，喊得很大聲。,,動詞,,3外在活動與動作
3-144,裝,zong+,弄；捉弄,"手機壞撇斯換過，莫過裝佢咧。
忒閒係無?裝佢做麼个?","手機壞了就換過，不要再弄它了。
太閒是嗎？捉弄他幹麼？",,動詞,,3外在活動與動作
3-145,,,,,,,,,
3-146,,,,,,,,,
4-1,變做,bienˋ zoˋ,變成,經過一擺車禍，佢嗄變做長短腳。,經歷一次車禍，他竟變成長短腳。,,動詞,,4事物狀態與變化
4-2,出,chud^,出,"熱都緊出汗
冬瓜放到出水
這下尿當出，先去便所","熱到一直出汗
冬瓜放到出水
現在正尿急，先去廁所。",,動詞,,4事物狀態與變化
4-3,出現,chud^ hienˋ,出現,罕得看你出現，恁久無閒麼个？,難得看你出現，最近在忙什麼？,,動詞,,4事物狀態與變化
4-4,得着,ded^ do^,得到、獲得,"得着亞軍
得着好空","得到亞軍
獲得好處",,動詞,,4事物狀態與變化
4-5,跌撇,died^ ped^,掉了、遺失,錢無袋好，跌撇咧！,錢沒有放好，掉了！,,動詞,,4事物狀態與變化
4-6,都係,do+ heˋ,都是,間項滿哪都係若衫,房間裡到處都是你的衣服。,,動詞,,4事物狀態與變化
4-7,堵着,duˇ do^,遇到；堵塞,"堵着塞車
水分石牯堵着咧，流毋出去","遇到塞車
水被石頭堵住了，流不出去。",,動詞,,4事物狀態與變化
4-8,發現,fad^ hienˋ,發現,"佢偷拿東西，分人發現
重大个發現","他偷拿東西，被人發現。
重大的發現",,動詞,名詞,4事物狀態與變化
4-9,發生,fad^ sen+,發生,"發生麼个事？
這上禮拜發生个","發生什麼事？
這是上星期發生的。",,動詞,,4事物狀態與變化
4-10,發展,fad^ zhen^,發展,阿哥个事業發展都十分好,哥哥的事業發展得十分好。,,動詞,,4事物狀態與變化
4-11,經過,gin+ goˋ,經過,"經過恁多年，還係會想着該件事
該下有經過這條路，你記得無？","經過這麼多年，還是會想到那件事。
那時有經過這條路，你記得嗎？",,動詞,,4事物狀態與變化
4-12,改變,goi^/gai^ bienˋ,改變,"性體無法度改變
佢自頭擺到今，無麼个改變","脾氣沒辦法改變
他從以前到現在，沒什麼改變。",,動詞,,4事物狀態與變化
4-13,該當,goi+ dong+,應該,㓾人該當愛判罪,殺人應該要判刑,,副詞,,4事物狀態與變化
4-14,下,ha+,下方；往下,"書桌下有兩粒球
阿姆同下屋人家當有話講","書桌下有兩顆球。
媽媽和鄰居很有話聊。",,副詞,動詞,4事物狀態與變化
4-15,係,heˋ,是,佢係吾同學,他是我的同學。,,動詞,,4事物狀態與變化
4-16,也係（乜係）,rha+ heˋ (me+ heˋ),也是,"厥兩儕也係吾表个
恁泥講也係著啦！","他們兩個也是我表親。
這麼說也是啦！",,虛詞,,4事物狀態與變化
4-17,應該,rhinˋ goi+,應該,"你應該愛聽爺哀个話
佢應該毋係這種人","你應該要聽父母的話。
他應該不是這種人。",,副詞,,4事物狀態與變化
4-18,引起,rhin^ ki^,引起,莫搞火，係引起火燒屋，事情斯大條哩喲,不要玩火，若引起房屋失火，事態就嚴重了。,,動詞,,4事物狀態與變化
4-19,可能,ko^ nenˇ,可能,無風無雨，無可能放尞啦！,無風無雨，不可能放假啦！,,形容詞,,4事物狀態與變化
4-20,開始,koi+   shi^/chi^,開始,"比賽開始！遽遽走！
正開始忒等，你斯想愛放撇？","比賽開始！快點跑！
才剛開始而已，你就想要放棄？",,動詞,,4事物狀態與變化
4-21,落,lauˋ,鬆脫下墜,"落下𪘒
落胎
褲落落來，屎朏走出出","下巴脫臼
流產
褲子掉下來，屁股露出來了。",,動詞,,4事物狀態與變化
4-22,漏,leuˋ,漏,"屋頂爛空，緊漏雨
桶爛空，水漏淨淨","屋頂破洞，一直漏雨。
桶子破洞，水漏光了。",,動詞,,4事物狀態與變化
4-23,留,liuˇ,留,"這錢你自家留核，下次擺總會用得着
留落來食晝好無？","這錢你自己留著，以後總會用得到。
留下來吃午餐好嗎？",,動詞,,4事物狀態與變化
4-24,毋係,mˇ heˋ,不是,這毋係厥个，係吾个,這不是他的，是我的。,,動詞,,4事物狀態與變化
4-25,像,ciongˋ,像,厥兩子爺生來當像,他們父子倆長得很像。,,形容詞,,4事物狀態與變化
4-26,刺,ciug^,刺,布忒賁，針刺毋入,布太厚，針刺不下去。,,動詞,,4事物狀態與變化
4-27,停,tinˇ,停止,"佢一張嘴講無停，當吵
你斯緊做，使毋得停落來","他一張嘴講不停，很吵。
你就一直做，不可以停下來。",,動詞,,4事物狀態與變化
4-28,會,voi+/voiˋ,會、曉得,"阿爸今晡日會轉來
佢會泅水","爸爸今天會回來。
他會游泳。",,動詞,,4事物狀態與變化
4-29,會 ,voi+/voiˋ,將要,天時會轉寒咧！愛著加兜！,天氣將要變冷了！要穿多一點！,,副詞,,4事物狀態與變化
4-30,死,si^  ,死,佢種个豆做下死撇咧,他種的豆子全部死掉了。,,動詞,,4事物狀態與變化
4-31,真,zhin+,真,你係講真个抑講假个？,你是說真的還是假的？,,形容詞,,4事物狀態與變化
5-1,矮,e^,矮,"兜張矮凳來分𠊎坐
佢兩儕高矮差毋多","端一張矮凳來讓我坐。
他們兩人的身高高矮差不多。",,形容詞,,5抽象概念與形容
5-2,冰,ben+,冰冷,若手做麼恁冰？,你的手怎麼那麼冰冷？,,形容詞,,5抽象概念與形容
5-3,差,ca+,差、不好的,佢考試考差，心情毋好,他考試考差，心情不好。,,形容詞,,5抽象概念與形容
5-4,脆,ceˋ,脆,醃瓜食起來當脆,醃黃瓜吃起來很脆。,,形容詞,,5抽象概念與形容
5-5,瘦,ceuˋ,瘦,正餐毋食，歸個人瘦夾夾,不吃正餐，整個人瘦巴巴。,,形容詞,,5抽象概念與形容
5-6,自由,ciiˋ rhiuˇ,自由,隨在你！愛仰脣係若自由,隨便你！要怎麼做是你的自由。,,名詞,,5抽象概念與形容
5-7,自動,ciiˋ tungˋ,自動；主動,"這冷氣會自動關撇
看人無閒，愛自動𢯭手","這冷氣會自動關掉。
看到別人很忙碌，要主動幫忙。",,形容詞,,5抽象概念與形容
5-8,直,chidˋ,直 ,這條路直直行，斯會到咧！,這條路直走，就會到了！,,形容詞,,5抽象概念與形容
5-9,著,chogˋ,正確、對的,著抑毋著呢？,對還是不對？,,形容詞,,5抽象概念與形容
5-10,衰過, coi+ goˋ,可憐,厥皮包毋見撇，又出車禍，實在還衰過,他的皮包不見了，又出車禍，實在真可憐。,,形容詞,,5抽象概念與形容
5-11,長,chongˇ,長（形容空間或時間上的長度）,"頭那毛留都當長
這垤布有十尺長","頭髮留很長
這匹布有十尺長。",,形容詞,,5抽象概念與形容
5-12,臭,chiuˋ,臭,這袋垃圾當臭,這袋垃圾很臭。,,形容詞,,5抽象概念與形容
5-13,粗,cu+,粗糙、不平滑,"阿姆个手摸起來粗粗
粗布","媽媽的手摸起來很粗糙。
粗布",,形容詞,,5抽象概念與形容
5-14,重要,chungˋ rheuˋ,重要,這一等重要，愛記落來,這非常重要，要記下來。,,形容詞,,5抽象概念與形容
5-15,重,chung+,重,厥書包有兩公斤恁重,他的書包有兩公斤這麼重。,,形容詞,,5抽象概念與形容
5-16,低,de+,低,這片褲腳較低，拉較高兜,這邊褲腳較低，拉高一點。,,形容詞,,5抽象概念與形容
5-17,恬,diam+ ,安靜,佢毋知仰脣咧，今晡日十分恬,他不知怎麼了，今天非常安靜。,,形容詞,,5抽象概念與形容
5-18,恬恬,diam+ diam+,靜肅、沉默,人在看電視，你恬恬莫講話,人家在看電視，你安靜不要說話。,,形容詞,,5抽象概念與形容
5-19,吊菜色（茄色）,diauˋ coiˋ sed^ (kiauˇ sed^),紫色,吊菜色个葡萄,紫色的葡萄,,名詞,,5抽象概念與形容
5-20,多,do+,多,阿哥食較多，老弟食較少,哥哥吃比較多，弟弟吃比較少。,,形容詞,,5抽象概念與形容
5-21,短,don^,短,"裙著恁短，敢毋會寒？
日恁短，一下斯斷烏咧！","裙子穿這麼短，不會冷嗎？
白天那麼短，一下子就天黑了！",,形容詞,,5抽象概念與形容
5-22,佇毋著,duˋ mˇ diauˇ,受不了、無法承受,"這垃圾放忒久，臭都佇毋著
緊跋梯，阿奶腳膝頭佇毋著","這垃圾放太久，臭到受不了。
一直爬樓梯，祖母膝蓋無法承受。",,形容詞,,5抽象概念與形容
5-23,肚飢（肚屎枵）,du^ gi+ (du^ shi^ iau+),肚子餓,朝晨（朝脣）無食，有一屑肚飢,早上沒吃飯，肚子有點餓。,,副詞,,5抽象概念與形容
5-24,東西,dung+ si+,東西,"阿姊个東西一千擔
東西向个河壩","姊姊的東西很多。
東西向的河流",,名詞,,5抽象概念與形容
5-25,闊,kuad^,寬,厥屋當闊,他的房子很寬闊。,,形容詞,,5抽象概念與形容
5-26,發達,fad^ tadˋ,發達,這下醫學恁發達，定著無問題啦！,現在醫學那麼發達，一定沒問題啦！,,形容詞,,5抽象概念與形容
5-27,壞,faiˋ,壞,"水果壞淨淨
電視壞撇","水果全壞光
電視壞掉",,形容詞,,5抽象概念與形容
5-28,方法,fong+ fab^,方法,這問題已大條，你有麼个方法?,這個問題很嚴重，你有什麼方法？,,名詞,,5抽象概念與形容
5-29,方便（利便）,fong+ pienˋ (liˋ pienˋ),方便,有高鐵後，交通已方便,有高鐵後，交通很方便。,,形容詞,,5抽象概念與形容
5-30,方面,fong+ mienˋ,方面,佢係氣象方面个專家,他是氣象方面的專家。,,名詞,,5抽象概念與形容
5-31,赴着,fuˋ do^,趕上,好得有赴着這枋車，無斯會慢到咧！,還好有趕上這班車，不然就會遲到了！,,動詞,,5抽象概念與形容
5-32,赴毋着（毋赴）,fuˋ mˇ do^ (mˇ fuˋ),來不及、趕不上,赴毋着車枋，等下次枋車好咧！,趕不上這班車，等下一班車好了！,,動詞,,5抽象概念與形容
5-33,苦,ku^,味道苦,苦瓜食起來當苦,苦瓜吃起來很苦。,,形容詞,,5抽象概念與形容
5-34,紅,fungˇ ,紅,紅色,紅色,,形容詞,,5抽象概念與形容
5-35,假,ga^,假,這係假藥，會食壞人,這是假藥，會吃壞身體。,,形容詞,,5抽象概念與形容
5-36,柑色,gam+ sed^,橙色,一領柑色个裌,一件橙色的背心。,,名詞,,5抽象概念與形容
5-37,遽（拚）,giag^ (biangˋ),快,"狗走當遽，你哪走得佢贏？
遽兜去讀書！毋好緊看電視。","狗跑得很快，你怎麼跑得贏牠？
快點去讀書！不要一直看電視。",,形容詞,,5抽象概念與形容
5-38,急,gib^,急,時間還當多，你毋使急！,時間還很多，你不用著急！,,形容詞,,5抽象概念與形容
5-39,結果,gied^ go^,結果,昨晡日个面試，結果出來吂？,昨天的面試，結果出來了嗎？,,動詞,名詞,5抽象概念與形容
5-40,簡單,gien^ dan+,簡單,"這題目簡單都講毋得
這正經無恁簡單，你使得教𠊎無?","這題目簡單得不得了。
這真的沒那麼簡單，你可以教我嗎？",,形容詞,,5抽象概念與形容
5-41,金,gim+,亮,厥鞋捽都當金。,他的鞋子擦得很亮。,本讀gim+，口語gimˊ,名詞,,5抽象概念與形容
5-42,金金,gim+ gim+,亮晶晶,"窗門日日捽都金金
這細人目珠金金，當得人惜","窗戶每天擦得亮晶晶
這小孩眼睛亮晶晶，很可愛",,形容詞,,5抽象概念與形容
5-43,高,go+,高,舊年還細細漢，佢今年高加已多,去年還很矮小，他今年長高很多。,,形容詞,,5抽象概念與形容
5-44,光,gong+,明亮,便所火光光，麼人無關撇？,廁所燈亮著，誰沒關？,,形容詞,,5抽象概念與形容
5-45,狹,habˋ,狹窄,這條巷狹狹，單淨一臺車過得,這條巷子很窄，只有一臺車能過。,,形容詞,,5抽象概念與形容
5-46,鹹,hamˇ,鹹,豆油當鹹,醬油很鹹,,形容詞,,5抽象概念與形容
5-47,閒,hanˇ,閒、不忙碌,歸日閒閒在屋家，毋知愛做麼个？,整天在家閒閒沒事，不知道要做什麼？,,形容詞,,5抽象概念與形容
5-48,緪,henˇ,緊,"䌈緪來正毋會鬆撇
這駁手頭較緪","綁緊來才不會脫落。
這陣子手頭較緊。",,形容詞,,5抽象概念與形容
5-49,後生,heuˋ sang+,年輕,"吾先生還當後生
七後生八後生","我的老師還很年輕。
年紀輕輕地",,形容詞,,5抽象概念與形容
5-50,形,hinˇ,形狀、形體,這箱个形係四角形,這個箱子的形狀是四角形。,,名詞,,5抽象概念與形容
5-51,好,ho^,良好,佢在學校表現當好,他在學校表現很好。,,形容詞,,5抽象概念與形容
5-52,好食, ho^ shidˋ,好吃,這粄仰脣會恁好食？,這粄怎麼會那麼好吃？,,形容詞,,5抽象概念與形容
5-53,好勢,ho^ sheˋ,妥當,"佢手腳當遽，一下斯做好勢咧！
裝到都好勢好勢","他手腳很快，一下子就做好了！
處理得很妥當",,形容詞,,5抽象概念與形容
5-54,好聽,ho^ ten+,好聽,這條歌已好聽,這首歌很好聽。,,形容詞,,5抽象概念與形容
5-55,意思,rhiˋ siiˋ,意思,"你這麼个意思？
這門親，看若意思仰脣
這篇文章當有意思","你這什麼意思？
這門親事，看你的意思如何。
這篇文章很有意思。",,名詞,,5抽象概念與形容
5-56,贏,rhangˇ,贏,"佢贏咧！你輸咧！
你恁重，麼人背得贏","他贏了！你輸了！
你那麼重，誰背得動？",,動詞,,5抽象概念與形容
5-57,一屑屑（一滴滴）,rhid^ sudˋ sudˋ (rhid^ didˋ didˋ),一點點,伸一屑屑忒等，你食撇去好哪,剩一點點而已，你吃掉好了。,,副詞,,5抽象概念與形容
5-58,圓,rhenˇ,圓,圓桌,圓桌,,形容詞,,5抽象概念與形容
5-59,幼,rhiuˋ,細,"若手恁幼，怕當好命
這尾魚有幼骨，食該下愛注意","你的手那麼細嫩，也許很好命。
這條魚有細骨，吃的時候要小心。",,形容詞,,5抽象概念與形容
5-60,有閒,rhiu+ hanˇ,有空,有閒來尞！,有空來玩！,,副詞,,5抽象概念與形容
5-61,有用,rhiu+ rhungˋ,有用、懂事,厥倈正經真有用。,他的兒子真的很懂事。,,副詞,,5抽象概念與形容
5-62,有名,rhiu+ miangˇ,有名,這間店當有名,這間店很有名,,形容詞,,5抽象概念與形容
5-63,尖,ziam+,擁擠、擠；尖銳,"車肚當尖，愛落車時尖都毋得出
過年去到哪都人尖人
刀尖尖，你愛擎好來","車上很擁擠，要下車時擠到出不去。
過年去到哪裡都人擠人。
刀子很尖銳，你要拿好。",,形容詞,,5抽象概念與形容
5-64,靚,ziang+,漂亮,"厥字寫來當靚
老妹生來已靚，當多人中意佢","他的字寫得很漂亮。
妹妹長得很漂亮，很多人喜歡她。",,形容詞,,5抽象概念與形容
5-65,精,zin+ ,聰明,這細人當精,這個小孩很聰明。,,形容詞,,5抽象概念與形容
5-66,怪奇（奇怪）,guaiˋ kiˇ (kiˇ guaiˋ),奇怪,仰脣會有恁怪奇个事情？,怎麼會有這麼奇怪的事情？,,形容詞,,5抽象概念與形容
5-67,奇妙,kiˇ miau^,奇妙,這發明實在已奇妙,這發明實在很奇妙。,,形容詞,,5抽象概念與形容
5-68,慶,kiangˋ,厲害、能幹,到到考頭名，實在還慶,次次考第一名，實在很厲害。,,形容詞,,5抽象概念與形容
5-69,輕,kiang+,輕,輕輕放，莫恁大力,輕輕地放，不要那麼大力。,,形容詞,,5抽象概念與形容
5-70,舊,kiuˋ,舊,佢當省，一雙鞋對新著到舊,他很節省，一雙鞋從新穿到舊。,,形容詞,,5抽象概念與形容
5-71,共樣（共款）,kiungˋ rhongˋ (kiungˋ kuan^),一樣,這兩隻杯看起來共樣共樣,這兩個杯子看起來一模一樣。,,形容詞,,5抽象概念與形容
5-72,困難,kunˋ nanˇ,困難,堵着困難，毋好恁會唉,遇到困難，不要那麼會抱怨。,,形容詞,名詞,5抽象概念與形容
5-73,罅,laˋ,足夠,蒜頭放一半斯罅咧,蒜頭放一半就夠了。,,形容詞,,5抽象概念與形容
5-74,辣,ladˋ,辣,辣椒當辣,辣椒很辣。,,形容詞,,5抽象概念與形容
5-75,爛, lanˋ,破,"這麼个褲？一扯斯爛撇
碗分佢打爛撇","這什麼褲子？一扯就破掉。
碗被他打破。",,動詞,,5抽象概念與形容
5-76,懶尸,nan+ shi+,懶惰,無做事，會緊尞緊懶尸,不工作，會越玩越懶惰。,,形容詞,,5抽象概念與形容
5-77,懶,nan+,懶,佢破病，歸日試着人懶懶,他生病，整天覺得懶洋洋的。,,形容詞,,5抽象概念與形容
5-78,冷,len+,冷、涼,"冷飯
冷水","冷飯
冷水",,形容詞,,5抽象概念與形容
5-79,厲害,liˋ hoiˋ,厲害,"你仰會恁厲害？
水果个價數起都當厲害","你怎麼會這麼厲害？
水果的價格漲得很厲害。",,形容詞,,5抽象概念與形容
5-80,涼,liongˇ,涼,外背當涼，使得去禾埕坐尞,外面很涼，可以去院子坐著聊天。,,形容詞,,5抽象概念與形容
5-81,老,lo^,舊的；年紀大的、年長的,"厥老屋分阿爹賣撇
厥爸當老咧正降着佢一個倈","他的老家被爺爺賣掉。
他爸爸年紀很大了才生了他這麼一個兒子。",,形容詞,,5抽象概念與形容
5-82,老實,lo^ shidˋ,老實；誠實,"厥人已老實，你使得相信佢
老實同你講，𠊎當惱佢","他做人很老實，你可以相信他。
跟你說實話，我很討厭他。",,形容詞,,5抽象概念與形容
5-83,火灰色（老鼠色、灰色）,fo^ foi+ sed^ (loˋ chu^ sed^、foi+ sed^),灰色,象个色係火灰色,大象的顏色是灰色。,,名詞,,5抽象概念與形容
5-84,毋著,mˇ chogˋ,不對、不正確,這字寫毋著咧！,這字寫錯了！,,形容詞,,5抽象概念與形容
5-85,毋好,mˇ ho^,不好；不可以、不要,愛同人好好尞，毋好冤家,要跟人好好相處，不要吵架。,,形容詞,,5抽象概念與形容
5-86,毋見咧,mˇ gienˋ le+,不見（了）,厥手機毋見咧！,他的手機不見了！,,形容詞,短語,5抽象概念與形容
5-87,毋罅,mˇ laˋ,不足,這錢正一屑，毋罅佢使,這錢才一點點，不夠他花費。,,形容詞,,5抽象概念與形容
5-88,毋會,mˇ voiˋ,不會,麼个都毋會，實在衰過！,什麼都不會，實在可憐！,,動詞,,5抽象概念與形容
5-89,麻煩,maˇ fanˇ,麻煩,自家做得到斯自家來，莫緊麻煩人,自己能做就自己來，不要一直麻煩別人。,,動詞,形容詞,5抽象概念與形容
5-90,慢,manˋ,緩慢,走恁遽做麼个？慢慢行斯好,跑那麼快幹麼？慢慢走就好。,,形容詞,,5抽象概念與形容
5-91,無法度,moˇ fab^ tuˋ,沒辦法,下個月个會議，𠊎無法度參加,下個月的會議，我沒辦法參加。,,副詞,,5抽象概念與形容
5-92,無閒,moˇ hanˇ,沒空、忙碌,過年時節十分無閒,過年期間非常忙碌,,形容詞,,5抽象概念與形容
5-93, 無影,moˇ rhang^,沒這回事,無影啦！莫亂講,沒這回事啦！不要亂講。,,形容詞,,5抽象概念與形容
5-94,無用,moˇ rhungˋ,沒用,無用个東西斯好擲撇，留核做麼个？,沒用的東西就丟掉，留著做什麼？,,形容詞,,5抽象概念與形容
5-95,無共樣（無共款）,moˇ kiungˋ rhongˋ (moˇkiungˋ kuan^),不同,兩兄弟性體無共樣,兩兄弟性格不一樣。,,形容詞,,5抽象概念與形容
5-96,問題,munˋ tiˇ ,問題,"若問題仰恁多？
交分𠊎！定著無問題","你問題怎麼這麼多？
交給我！一定沒問題。",,名詞,,5抽象概念與形容
5-97,耐心,naiˋ sim+,耐心,厥這個人當有耐心,他這個人很有耐心。,,名詞,,5抽象概念與形容
5-98,難,nanˇ,困難,望佢哦？𠊎看斯難咧！,指望他哦？我看就困難了！,,形容詞,,5抽象概念與形容
5-99,歪看,vai+ konˋ,難看,你仰面色恁歪看呢？,你的臉色怎麼這麼難看呢？,,形容詞,,5抽象概念與形容
5-100,鬧熱,nauˋ ngiedˋ,熱鬧,過年過節，市場肚當鬧熱,逢年過節，市場裡很熱鬧！,,形容詞,,5抽象概念與形容
5-101,硬,ngangˋ,硬,糖當硬，阿奶咬毋贏,糖果很硬，祖母咬不動。,,形容詞,,5抽象概念與形容
5-102,月曆,ngiedˋ lagˋ,月曆,阿姨會在月曆項記事情,阿姨會在月曆上記事情。,,名詞,,5抽象概念與形容
5-103,熱,ngiedˋ,熱,天時十分熱，當想食冰！,天氣非常熱，很想吃冰！,,形容詞,,5抽象概念與形容
5-104,認真,nginˋ zhin+,認真,讀書愛認真,讀書要認真,,形容詞,動詞,5抽象概念與形容
5-105,軟,ngion+,軟,粢粑當軟，當好食,麻糬很軟，很好吃,,形容詞,,5抽象概念與形容
5-106,危險,nguiˇ hiam^,危險,這頭路當危險，你敢還愛做？,這工作很危險，你還要做嗎？,,形容詞,,5抽象概念與形容
5-107,屙糟（垃圾）,o+ zo+ (la^ sab^),骯髒,便所恁屙糟，愛鑢鑢嚟,廁所那麼骯髒，要刷一刷。,,形容詞,,5抽象概念與形容
5-108,惡,og^,兇,"這狗當惡，你愛閃較遠兜！
惡人無膽","這隻狗很凶，你要離遠一點！
惡人無膽",,形容詞,,5抽象概念與形容
5-109,安全,on+ cionˇ,安全,"騎車愛記得戴安全帽
注意安全","騎車要記得戴安全帽。
注意安全",,形容詞,,5抽象概念與形容
5-110,白色,pagˋ sed^,白,白色,白色,,形容詞,,5抽象概念與形容
5-111,辦法,panˋ fab^,辦法,這愛想個辦法來解決,這要想個辦法來解決。,,名詞,,5抽象概念與形容
5-112,肥,puiˇ,肥、胖；油膩,"這豬肉當肥，阿爸較毋好
恁久無看着佢，有較肥咧！","這豬肉很肥，爸爸比較不喜歡。
那麼久沒看到他，有比較胖了！",,形容詞,,5抽象概念與形容
5-113,平,piangˇ,平坦,這片个路較平,這邊的路比較平坦。,,形容詞,,5抽象概念與形容
5-114,平等,pinˇ den^,平等,逐個人都係平等个,每個人都是平等的。,,形容詞,,5抽象概念與形容
5-115,薄,pogˋ,薄,這領衫恁薄，敢有燒？,這件衣服這麼薄，會暖嗎？,,形容詞,,5抽象概念與形容
5-116,部分,puˋ funˋ,部分,一部分係厥个,一部分是他的,,副詞,,5抽象概念與形容
5-117,賁,pun+,厚,"厥這個人面皮賁，毋驚人講！
著較賁兜","他這個人臉皮厚，不怕人家說閒話！
穿厚一點",,形容詞,,5抽象概念與形容
5-118,萋,ci+,新鮮,魚若有萋，儘採料理乜好食,魚若新鮮，隨便烹煮也好吃。,,形容詞,,5抽象概念與形容
5-119,斜,ciaˇ,斜,學校斜對面有一間西藥店,學校斜對面有一間藥局。,,形容詞,,5抽象概念與形容
5-120,儘採,cin^ cai^,隨便,菜當多，儘採你食,菜很多，隨便你吃。,,副詞,,5抽象概念與形容
5-121,情形,cinˇ hinˇ,情形,這下係麼个情形？,現在是什麼情形？,,名詞,,5抽象概念與形容
5-122,煞猛,sad^ mang+,努力、勤奮,煞猛賺錢,努力賺錢,,形容詞,,5抽象概念與形容
5-123,省,sang^,節省,"你自家講！省使𠊎出手
佢當省，毋盼得買來食","你自己講，省得我出手。
他很節省，捨不得買來吃。",,形容詞,,5抽象概念與形容
5-124,細,seˋ,小,罐忒細，拿較大隻个來！,罐子太小，拿比較大的來！,,形容詞,,5抽象概念與形容
5-125,色,sed^,顏色,"豬肝色
新娘色","棕色
粉紅色",,名詞,,5抽象概念與形容
5-126,生趣（心色）,sen+ ciˋ (sim+ sed^),有趣,這故事當生趣,這故事很有趣。,,形容詞,,5抽象概念與形容
5-127,少,sheu^,少,這站賺較少，愛較省兜！,這陣子賺比較少錢，要省一點！,,形容詞,,5抽象概念與形容
5-128,燒,sheu+,燙；加熱；燃燒,"這滾水當燒，愛歕歕嚟正食
頭擺人燒樵煮飯","這熱水很燙，要吹一吹再喝。
以前人們燒柴煮飯",,形容詞,動詞,5抽象概念與形容
5-129,燒暖,sheu+ non+ ,暖和,"湯燒燒，食落去已燒暖
衫褲著較多正燒暖","湯熱熱的，喝下去很暖和。
衣服穿多一點才暖和",,形容詞,,5抽象概念與形容
5-130,世界,shiˋ gaiˋ,世界,全世界,全世界,,名詞,,5抽象概念與形容
5-131,失敗 ,shid^ paiˋ,失敗,"阿順做人當失敗，無人愛同佢共組
佢生理失敗，走路咧！","阿順做人很失敗，沒人要跟他同組。
他生意失敗，跑路了！",,形容詞,動詞,5抽象概念與形容
5-132,成功,shinˇ gung+,成功,"愛打拚正會成功
做人當成功，滿哪都朋友","要打拼才會成功
做人很成功，四處皆朋友。",,形容詞,,5抽象概念與形容
5-133,酸,son+,酸,檸檬當酸,檸檬很酸,,形容詞,,5抽象概念與形容
5-134,輸,shu+,輸,"佢輸毋起，毋好同佢行棋
這比賽無輸無贏","他輸不起，不要跟他下棋！
這比賽平手",,動詞,,5抽象概念與形容
5-135,新娘色（水紅色、粉紅色）,sin+ ngiongˇ sed^ (shui^ fungˇ sed^、fun^ fungˇsed^),粉紅色,新娘色个果汁,粉紅色的果汁,,名詞,名詞,5抽象概念與形容
5-136,順利,shunˋ liˋ,順利,這擺活動順利完成咧！,這次活動順利完成了！,,形容詞,,5抽象概念與形容
5-137,鬆,sung+,鬆、不密實（並非「緪」的反義詞）,這擺買个番薯特別鬆，已好食。,這次買的番薯特別鬆軟，非常好吃。,,形容詞,,5抽象概念與形容
5-138,鬆爽,sung+ song^,舒適,洗好身，試着當鬆爽,洗好澡，覺得很舒適。,,形容詞,,5抽象概念與形容
5-139,大,taiˋ,大,細倈个手巴掌較大,男生的手掌比較大。,,形容詞,,5抽象概念與形容
5-140,大箍,taiˋ kieu+,肥胖,莫食忒大箍，堵好斯好,不要吃得太胖，剛好就好。,,形容詞,,5抽象概念與形容
5-141,大聲,taiˋ shang+,大聲,嬰兒在該睡目，講話莫恁大聲！,嬰兒在那睡覺，講話不要那麼大聲！,,形容詞,,5抽象概念與形容
5-142,大路,taiˋ luˋ,馬路,過大路愛細義！,過馬路要小心！,,名詞,,5抽象概念與形容
5-143,淡,tam+,淡,菜煮較淡，使得打淨食！,菜煮比較淡，可以直接吃！,,形容詞,,5抽象概念與形容
5-144,甜,tiamˇ,甜,黃梨當甜,鳳梨很甜,,形容詞,,5抽象概念與形容
5-145,特別,tidˋ piedˋ/pedˋ,特殊,這領褲當特別,這件褲子很特別。,,形容詞,,5抽象概念與形容
5-146,道理,toˋ li+,道理,佢會恁泥講，定著有厥道理,他會這樣講，一定有他的道理。,,名詞,,5抽象概念與形容
5-147,疾,cidˋ,痛,疾去哇哇滾,痛到大叫,,形容詞,,5抽象概念與形容
5-148,橫,vangˇ,橫；蠻橫,"這竹篙打橫放
該人當橫，東西毋係厥个也號緊來。","這竹竿橫著放。
那人很蠻橫，東西不是他的也霸占著。",,形容詞,,5抽象概念與形容
5-149,黃,vongˇ,黃,黃色,黃色,,名詞,,5抽象概念與形容
5-150,烏,vu+  ,黑,烏色,黑色,,名詞,形容詞,5抽象概念與形容
5-151,鮮,sien+,稀,這糜忒鮮,這粥太稀。,,形容詞,,5抽象概念與形容
5-152,心肝,sim+ gon+,心腸、心地,厥心肝已好,他心地善良,,名詞,,5抽象概念與形容
5-153,新,sin+,新,這領衫著無幾多擺，還當新,這件衣服穿沒幾次，還很新。,,形容詞,,5抽象概念與形容
5-154,辛苦,sin+ ku^,辛苦,婦人家理家當辛苦,婦人持家很辛苦,,形容詞,,5抽象概念與形容
5-155,詳細,siongˇ seˋ,詳細,使得講較詳細兜無？,可以講更詳細一點嗎？,,形容詞,,5抽象概念與形容
5-156,正正,zhangˋ zhangˋ,端正；整齊,阿姆同東西排都正正,媽媽把東西擺得整整齊齊的。,,形容詞,,5抽象概念與形容
5-157,燥,zau+,乾燥,"衫無晒燥，摸起來還溼溼
菜脯絲晒去燥燥，斯使得收起來咧！","衣服沒晒乾，摸起來還溼溼的。
蔔蔔絲晒得乾乾的，就可以收起來了！",,形容詞,,5抽象概念與形容
5-158,媸（醜）,zhe^ (chiu^),醜,厥字寫來恁媸，無人看得識！,他的字寫得那麼醜，沒人看得懂！,,形容詞,,5抽象概念與形容
5-159,正式,zhinˋ shid^,正式,"阿爸著都當正式
佢毋係正式員工","爸爸穿得很正式。
他不是正式員工。",,形容詞,,5抽象概念與形容
5-160,正常,zhinˋ shongˇ,正常,血壓磅起來有正常無？,血壓量起來正常嗎？,,形容詞,,5抽象概念與形容
5-161,使得,sii^ ded^,能；可以,"使得同你借錢無？
洗好正使得食","可以和你借錢嗎？
洗好才可以吃。",,動詞,,5抽象概念與形容
5-162,使毋得,sii^ mˇ ded^,不可以,這對身體毋好，使毋得買來食！,這對身體不好，不行買來吃！,,動詞,短語,5抽象概念與形容
5-163,嘴燥（作渴）,zhoiˋ zau+ (zog^ hod^),口渴,佢當嘴燥，想愛食涼个,他口很渴，想喝飲料。,,形容詞,,5抽象概念與形容
5-164,專門,zhon+ munˇ,專門；故意、存心的,"佢專門做客家研究
該賊牯專門擇日時頭來偷東西","他專門做客家研究。
那小偷故意挑白天來偷東西。",,形容詞,,5抽象概念與形容
6-1,阿爸,a+ ba+,爸爸,,,,名詞,,6社會關係與行為
6-2,阿姆,a+ me+,媽媽,,,,名詞,,6社會關係與行為
6-3,阿哥,a+ go+,哥哥,,,,名詞,,6社會關係與行為
6-4,阿嫂,a+ so^,嫂嫂,,,,名詞,,6社會關係與行為
6-5,阿姊,a+ zi^/zeˋ,姊姊,,,,名詞,,6社會關係與行為
6-6,姊丈,zi^ chong+,姊夫,厥姊正結婚，喊姊丈還喊毋慣嘴,他姊姊剛結婚，還不習慣喊姊夫。,,名詞,,6社會關係與行為
6-7,老弟,lo^ te+,弟弟,,,,名詞,,6社會關係與行為
6-8,老妹,lo^ moiˋ,妹妹,,,,名詞,,6社會關係與行為
6-9,阿爹,a+ da+,祖父,,,,名詞,,6社會關係與行為
6-10,阿奶,a+ ne^,祖母,,,,名詞,,6社會關係與行為
6-11,外阿公,nguaiˋ a+ gung+,外公,,,,名詞,,6社會關係與行為
6-12,外阿婆,nguaiˋ a+ poˇ,外婆,,,,名詞,,6社會關係與行為
6-13,伯公,bag^ gung+,伯祖父,,,,名詞,,6社會關係與行為
6-14,伯姆,bag^ me+,伯母,,,,名詞,,6社會關係與行為
6-15,叔公,shug^ gung+,叔祖父,,,,名詞,,6社會關係與行為
6-16,叔婆,shug^ poˇ,叔祖母,,,,名詞,,6社會關係與行為
6-17,叔姆,shug^ me+,叔母,,,,名詞,,6社會關係與行為
6-18,大伯,taiˋ bag^,大伯父,,,,名詞,,6社會關係與行為
6-19,阿伯,a+ bag^,伯父,,,,名詞,,6社會關係與行為
6-20,阿叔,a+ shug^,叔叔,,,,名詞,,6社會關係與行為
6-21,阿姨,a+ rhiˇ,阿姨、姨媽,,,,名詞,,6社會關係與行為
6-22,阿舅,a+ kiu+,舅舅,,,,名詞,,6社會關係與行為
6-23,阿姑,a+ gu+/guˊ,姑媽,,,,名詞,,6社會關係與行為
6-24,姊妹,zi^ moiˋ,姊妹；泛稱手足、兄弟姊妹,厥兩姊妹係雙巴卵,她們兩姊妹是雙胞胎。,,名詞,,6社會關係與行為
6-25,大哥,taiˋ go+,大哥,,,,名詞,,6社會關係與行為
6-26,阿妹,a+ moiˋ,妹妹；年紀稍輕的姑娘,,,,名詞,,6社會關係與行為
6-27,老公,lo^ gung+,丈夫、老公,,,,名詞,,6社會關係與行為
6-28,餔娘,bu+ ngiongˇ,妻子,若餔娘係哪位个人？,你妻子是哪裡人？,,名詞,,6社會關係與行為
6-29,倈,laiˋ,兒子,,,,名詞,,6社會關係與行為
6-30,妹,moiˋ,女兒,,,,名詞,,6社會關係與行為
6-31,勞瀝,loˇ ladˋ,謝謝,阿哥，實在勞瀝哦！,哥哥，實在謝謝喔！,,短語,,6社會關係與行為
6-32,拜託,baiˋ tog^,拜託,拜託你同這杯拿轉去放，好無？,拜託你把這個杯子拿回去放，好嗎？,,動詞,,6社會關係與行為
6-33,表現,biau^ hienˋ,表現,大家表現都當好,大家表現得很好。,,動詞,名詞,6社會關係與行為
6-34,變,bienˋ,變,轉烏陰咧，怕會變天哩喲。,天色變陰暗了，大概要變天了。,,動詞,,6社會關係與行為
6-35,保護,bo^ fuˋ,保護,保護細人个安全,保護孩童的安全。,,動詞,名詞,6社會關係與行為
6-36,參加,cam+ ga+,參加,參加會議,參加會議。,,動詞,,6社會關係與行為
6-37,搭,dab^,搭建,"搭寮
搭篷","搭建簡陋的屋舍。
搭建篷布。",,動詞,,6社會關係與行為
6-38,搭,dab^,寄放、託付,"這書搭你這放
細人搭你渡兩日","這書寄放在你這。
小孩託付你照顧兩天。",,動詞,,6社會關係與行為
6-39,得人惱,ded^ nginˇ nau+,討人厭,看厥樣相，實在得人惱,看他的樣子，實在討人厭。,,動詞,,6社會關係與行為
6-40,得人惜,ded^ nginˇ siag^,很可愛、討人喜歡,若妹笑起來已得人惜,你女兒笑起來很可愛。,,動詞,,6社會關係與行為
6-41,得人驚,ded^ nginˇ giang+,可怕,"坐飛機會得人驚無？
看着當得人驚","坐飛機會可怕嗎？
看起來很可怕。",,動詞,,6社會關係與行為
6-42,等路,den^ luˋ,禮物,拜年愛帶等路去人屋家,拜年要帶伴手禮去別人家裡。,,名詞,,6社會關係與行為
6-43,應,enˋ,回應、回答,阿姆緊喊你，仰毋應？,媽媽一直喊你，為何不答話？,,動詞,,6社會關係與行為
6-44,罰, fadˋ,罰,闖紅燈會分人罰,闖紅燈會被罰。,,動詞,,6社會關係與行為
6-45,歡迎,fan+ ngiangˇ,歡迎,歡迎你來尞,歡迎你來玩。,,動詞,,6社會關係與行為
6-46,訪問,fong^ munˋ,訪問,這禮拜先生愛來屋家家庭訪問,這星期老師要來家裡家庭訪問。,,動詞,,6社會關係與行為
6-47,負責,fuˋ zid^,負責,佢兩儕負責拚掃便所,他們兩人負責掃廁所。,,動詞,,6社會關係與行為
6-48,吩咐,fun+/fan+ fuˋ,吩咐,天光日愛出國，阿姆斯在該三叮嚀四吩咐,明天要出國，媽媽就在那三叮嚀四吩咐。,,動詞,,6社會關係與行為
6-49,隔壁鄰舍,gag^ biag^ linˇ shaˋ,鄰居,隔壁鄰舍感情當好,鄰居感情很好。,,名詞,,6社會關係與行為
6-50,感謝（勞瀝）,gam^ ciaˋ (loˇ ladˋ),感謝,"人愛知感謝正好
當勞瀝你，恁牽成！","人要懂得感謝才好。
很感謝你，這麼提拔！",,動詞,,6社會關係與行為
6-51,機會,gi+ fuiˋ,機會,"係講有機會，你正同𠊎講
愛把握機會","如果有機會，你再跟我講。
要把握機會",,名詞,,6社會關係與行為
6-52,見面,gienˋ mienˋ,見面,"你兩儕哪時愛見面？
一份見面禮","你們兩人何時要見面？
一份見面禮。",,動詞,,6社會關係與行為
6-53,管,guan^,管、理睬,你莫管佢恁多,你不要管他那麼多。,,動詞,,6社會關係與行為
6-54,管理,guan^ li+,管理,這公司交分你管理,這間公司交給你管理。,,動詞,,6社會關係與行為
6-55,講笑,gong^ siauˋ,開玩笑,佢講笑个，莫認真,他開玩笑的，別當真。,,動詞,,6社會關係與行為
6-56,客氣,kag^ kiˋ,客氣,毋使恁客氣！,不必那麼客氣！,,形容詞,,6社會關係與行為
6-57,客人,kag^ nginˇ,客家人,臺灣有當多客人,臺灣有很多客家人。,,名詞,,6社會關係與行為
6-58,好搞,hauˋ gau^,愛玩,這擺來旅行个人，逐儕都恁好搞,這次來旅行的人，每個人都很愛玩。,,形容詞,,6社會關係與行為
6-59,後生人,heuˋ sang+ nginˇ,年輕人,後生人愛較打拚兜,年輕人要拼一點。,,名詞,,6社會關係與行為
6-60,兄弟,hiung+ tiˋ,兄弟,厥等兩兄弟差十歲,他們兩兄弟差十歲。,,名詞,,6社會關係與行為
6-61,害,hoiˋ,傷害；致使,"食酒莫駛車，會害死人
你講都恁嚴重，害佢當愁，你知無？","喝酒不要開車，會害死人。
你說得那麼嚴重，害他很擔心，你知道嗎？",,動詞,,6社會關係與行為
6-62,爺哀,rhaˇ oi+,父母,有孝爺哀,孝順父母。,,名詞,,6社會關係與行為
6-63,冤家,rhen+ ga+,吵架,同學莫冤家,同學不要吵架。,,動詞,,6社會關係與行為
6-64, 有影無,rhiu+ rhang^ moˇ,真的嗎？,聽講你著大獎，有影無？,聽說你中大獎，真的嗎？,,短語,,6社會關係與行為
6-65,開會,koi+ fuiˋ,開會,下禮拜愛開會,下禮拜要開會。,,動詞,,6社會關係與行為
6-66,禮貌（禮數）,li+ mauˋ(li+ siiˋ),禮貌,阿麗當有禮貌，看着人斯會喊人,阿麗很有禮貌，看到人就會打招呼。,,名詞,,6社會關係與行為
6-67,鄰舍,linˇ shaˋ,鄰居,佢打粄請鄰舍食,他做粄請鄰居吃。,,名詞,,6社會關係與行為
6-68,兩公姐,liong^ gung+ zia^,兩夫妻,該兩公姐當相好,那兩夫妻感情很好。,,名詞,,6社會關係與行為
6-69,老人家,lo^ nginˇ ga+,老人家,老人家盡驚跌,老人家禁不起跌。,,名詞,,6社會關係與行為
6-70,罵,maˋ,罵,做毋著事情，難怪分人罵,做錯事情，怪不得被人罵。,,動詞,,6社會關係與行為
6-71,名（名姓）,miangˇ (miangˇ siangˋ),名字,若倈安做麼个名？,你兒子叫什麼名字？,,名詞,,6社會關係與行為
6-72,問,munˋ,問,"有問題斯愛問
去問下，看愛仰脣做正好","有問題就要問
去問一下，看要怎麼做才好。",,動詞,,6社會關係與行為
6-73,男人,namˇ nginˇ,男人,男人愛有責任感,男人要有責任感。,,名詞,,6社會關係與行為
6-74,人生,nginˇ sen+,人生,"人生過都恁苦做麼个？
人生短短，毋好恁計較！","人生過得這麼苦做什麼？
人生短短，不要那麼愛計較！",,名詞,,6社會關係與行為
6-75,人客,nginˇ kag^,客人,人客來兩三張桌，準備毋掣！,客人來了兩三桌，來不及準備！,,名詞,,6社會關係與行為
6-76,仰結煞,ngiongˋ gad^ sad^,怎麼辦；如何是好,皮包毋見撇，愛仰結煞正好？,皮包不見，要怎麼辦才好？,,副詞,,6社會關係與行為
6-77,妹家（外家）,moiˋ ga+ (nguaiˋ ga+),娘家,厥妹家係做生理个,他娘家是做生意的。,,名詞,,6社會關係與行為
6-78,阿𧩣 （安𧩣）,o+ no^ (on+ no^),誇獎,先生緊同厥爸阿𧩣佢,老師一直向他爸爸誇獎他。,"本讀o+ no^
口語on+ no^",動詞,,6社會關係與行為
6-79,安到（安做、安着）,on+ doˋ (on+ zoˋ、on+ do^),叫做,"佢安到阿明，係吾同學
這斯安到自作自受","他叫做阿明，是我的同學。
這就叫做自作自受！",,動詞,,6社會關係與行為
6-80,朋友,penˇ rhiu+,朋友,厥朋友當高,他的朋友很高。,,名詞,,6社會關係與行為
6-81,騙（諞）,pienˋ (biaˋ),欺騙,佢騙人盡會，逐儕都分佢騙過,他很會騙人，每個人都被他騙過。,,動詞,,6社會關係與行為
6-82,請,ciang^,請,"厥朋友當多，輒輒分人請
請坐啊！莫客氣","他的朋友很多，常常讓人請客。
請坐啊！不要客氣。",,動詞,,6社會關係與行為
6-83,請人,ciang^ nginˇ,請客,佢討心臼，在餐廳請人,他娶媳婦，在餐廳請客。,,動詞,,6社會關係與行為
6-84,親戚,cin+ cid^,親戚,親戚當多,親戚很多。,,名詞,,6社會關係與行為
6-85,社會,sha+ fuiˋ,社會,"社會科
這下个社會當進步","社會科。
現在的社會很進步。",,名詞,,6社會關係與行為
6-86,生份,sang+ funˋ,陌生,老妹驚生份，毋敢喊人,妹妹很怕生，不敢打招呼。,,形容詞,,6社會關係與行為
6-87,細倈,seˋ laiˋ,男孩；男性,,,,名詞,,6社會關係與行為
6-88,細妹,seˋ moiˋ,女孩；女性,,,,名詞,,6社會關係與行為
6-89,細人,seˋ nginˇ,小孩子；孩子,,,,名詞,,6社會關係與行為
6-90,細孲嗶（細孲）,seˋ oˇ bidˋ (seˋ oˇ),小孩子（總稱）,,,,名詞,,6社會關係與行為
6-91,細阿姊,seˋ a+ zi^,小姐,使得請問該個細阿姊,可以詢問那位小姐。,,名詞,,6社會關係與行為
6-92,細義,seˋ ngiˋ,小心、細心；客氣,"細義兜！
莫恁細義啦！","小心一點！
不用那麼客氣啦！",,副詞,形容詞,6社會關係與行為
6-93,細阿哥,seˋ a+ go+,小伙子、小男生,班項單淨一個細阿哥,班上只有一個小男生。,,名詞,,6社會關係與行為
6-94,紹介,sheuˋ gaiˋ,介紹,紹介分佢熟事,介紹給他認識。,,動詞,,6社會關係與行為
6-95,消息,siau+ sid^,消息,恁久無若消息，囥去哪？,那麼久沒有你的消息，躲去哪裡？,,名詞,,6社會關係與行為
6-96,事情,siiˋ cinˇ,事情,麼个事情分你恁愁？,什麼事情使你這麼擔心？,,名詞,,6社會關係與行為
6-97,事實,siiˋ shidˋ,事實,你愛接受事實,你要接受事實。,,名詞,,6社會關係與行為
6-98,食飽吂,shidˋ bau^ mangˇ,吃飽了沒；見面招呼語,阿伯，食飽吂？,伯伯，吃飽了沒？,,短語,,6社會關係與行為
6-99,失禮, shid^ li+,失禮,無注意撞着你，還失禮！,不小心撞到你，很抱歉！,,形容詞,,6社會關係與行為
6-100,𢯭食,tenˋ shidˋ,幫忙吃,還伸恁多，同𠊎𢯭食好無？,還剩這麼多，幫忙我吃好嗎？,,動詞,,6社會關係與行為
6-101,𢯭手,tenˋ shiu^,幫忙,好得鄰舍十分𢯭手,幸好鄰居非常幫忙。,,動詞,,6社會關係與行為
6-102,討,to^,討、要求；娶,"乞食在路項同人討食
下禮拜愛討親，會緊張無？","乞丐在路上向人乞討。
下禮拜要娶親，會緊張嗎？",,動詞,,6社會關係與行為
6-103,討論,to^ lunˋ,討論,這問題無討論使毋得,這問題不討論不行。,,動詞,,6社會關係與行為
6-104,渡,tuˋ,照顧（小孩）,"
親家會渡細人",親家會照顧小孩。,,動詞,,6社會關係與行為
6-105,通知,tung+ di+,通知,恁重要个事情，你仰脣無通知大家？,這麼重要的事情，你怎麼沒通知大家？,,動詞,,6社會關係與行為
6-106,還,vanˇ,歸還,同人借錢，愛記得還！,和人借錢，要記得還！,,動詞,,6社會關係與行為
6-107,惜,siag^,疼愛,"吾家娘已惜孫
惜細人惜都像命个樣","我婆婆很疼孫子。
把小孩當作性命一樣疼愛。",,動詞,,6社會關係與行為
6-108,習慣,sibˋ guanˋ,習慣,這人習慣當差，東西用啊撇斯亂抨！,這人的習慣很差，東西用完就亂丟！,,名詞,動詞,6社會關係與行為
6-109,新娘,sin+ ngiongˇ,新娘,新娘看起來當後生，怕二十歲忒等,新娘看起來很年輕，可能才二十歲而已。,,名詞,,6社會關係與行為
6-110,相打,siong+ da^,打架,毋好動啊着斯相打,不要動不動就打架。,,動詞,,6社會關係與行為
6-111,相好,siong+ ho^,感情很好,厥等當相好，從來毋識冤家,他們感情很好，從來沒有吵過架。,,動詞,,6社會關係與行為
6-112,修理,siu+ li+,修理,你毋聽話，斯會分人修理哦！,你不聽話，可會被人修理哦！,,動詞,,6社會關係與行為
6-113,正來尞,zhang+ loiˇ liauˋ,再來玩、再見,有閒正來尞！,有空再來坐坐！,原為「以後再來敘一敘」，今已成與朋友或客人分手時之道別應酬語,短語,,6社會關係與行為
6-114,招待,zheu+ taiˋ,招待,下次擺你來，換𠊎招待你,下次你來，換我招待你。,,動詞,,6社會關係與行為
6-115,主意,zhu^ rhiˋ,意見；做決定（動詞）,"這主意聽來無已好
佢好做王，哪有好分你主意？","這主意聽起來不怎麼好。
他愛稱王，哪能讓你做決定？",,名詞,動詞,6社會關係與行為
6-116,握手,vog^ shiu^,握手,兩隊選手比賽前會先握手,兩隊選手比賽前會先握手。,,動詞,,6社會關係與行為
7-1,搬,ban+,搬,阿伯公搬去臺北戴,伯公搬去臺北住。,,動詞,,7居家生活
7-2,包,bau+ ,包,"歸身包密密，有恁寒係無？
頭家娘，這同𠊎包起來
你包禮愛包幾多？","全身包得那麼密，有那麼冷嗎？
老闆娘，這個幫我包起來。
你禮金要包多少錢？",,動詞,,7居家生活
7-3,包,bau+ bauˊ,包子,一粒包,一個包子。,本讀bau+，口語bauˊ,名詞,,7居家生活
7-4,冰箱,ben+ siong+,冰箱,一臺冰箱,一臺冰箱。,,名詞,,7居家生活
7-5,冰,ben+,冰（食品）,老弟當好食冰,弟弟很喜歡吃冰。,,名詞,,7居家生活
7-6,杯,buiˊ,杯子,一隻杯,一只杯子。,本讀bui+，口語buiˊ,名詞,,7居家生活
7-7,壁,biag^,牆壁,"
一扇壁
壁項有一隻壁蛇","一扇牆壁。
牆壁上有一隻壁虎。",,名詞,,7居家生活
7-8,拚掃,biangˋ soˋ,大清掃,拚掃間房,打掃房間。,,動詞,,7居家生活
7-9,餅,biang^,餅,莫細義哦！餅自家拿來食,不要客氣！自己拿餅來吃。,,名詞,,7居家生活
7-10,筆,bid^,筆,壞咧！無帶着筆,糟了！沒帶到筆。,,名詞,,7居家生活
7-11,布,buˋ,布,剪布來做衫褲,剪布來做衣服。,,名詞,,7居家生活
7-12,茶,caˇ,茶,人客來，遽兜去泡茶,客人來了，快去泡茶。,,名詞,,7居家生活
7-13,炒,cau^,炒,"炒菜
蔥炒香正放卵","炒菜。
蔥炒香再加蛋。",,動詞,,7居家生活
7-14,㓾,chiˇ ,殺害；宰殺；剖開柚子、鳳梨等水果,"㓾豬
㓾柚
㓾黃梨","殺豬。
剖開柚子。
剖開鳳梨。",,動詞,,7居家生活
7-15,菜,coiˋ,菜,風搓過後，菜緊來緊貴,颱風過後，菜越來越貴。,,名詞,,7居家生活
7-16,餐廳,con+ ten+,餐廳,這餐廳聽講當高級，愛去食看無？,聽說這間餐廳很高級，要去吃看看嗎？,,名詞,,7居家生活
7-17,出門,chud^ munˇ,出門,出門愛記得帶手機同錢,出門記得要帶手機和錢。,,動詞,,7居家生活
7-18,窗門,cung+ munˇ,窗,一扇窗門,一扇窗。,,名詞,,7居家生活
7-19,戴,daiˋ,戴；居住於…,"戴帽
戴臺北","戴帽子。
住在臺北。",,動詞,,7居家生活
7-20,凳,denˋ,椅子,一張凳,一張椅子。,,名詞,,7居家生活
7-21,鬥,deuˋ,拼合；爭鬥,"窗門洗好，使得鬥轉去咧！
牛相鬥","窗戶洗好，可以裝回去了！
牛隻相互爭鬥。",,動詞,,7居家生活
7-22,點心,diam^ sim+,點心,下晝頭有點心好食,下午有點心可以吃。,,名詞,,7居家生活
7-23,刀,do+,刀子,刀無利，阿爹拿去挼挼嚟！,刀子不利，祖父拿去磨一磨！,本讀do+，口語doˊ,名詞,,7居家生活
7-24,花園,fa+ rhenˇ,花園,一座花園,一座花園。,,名詞,,7居家生活
7-25,飯,ponˋ,飯,"白飯。
煮飯。","白飯。
煮飯。",,名詞,,7居家生活
7-26,褲,kuˋ,褲子,佢有較瘦，這下褲著起來落落,他有比較瘦，現在褲子穿起來鬆鬆的。,,名詞,,7居家生活
7-27,紅龜粄（紅粄）,fungˇ gu+ ban^ (fungˇ ban^),紅龜粄,天光朝晨（朝脣）愛打紅龜粄,明天早上要製作紅龜粄。,,名詞,,7居家生活
7-28,咖啡,ga+ bi+,咖啡,啉咖啡，精神會較好,喝咖啡，精神會比較好。,,名詞,,7居家生活
7-29,雞卵糕,gie+ lon^ go+,蛋糕,阿姆生日，阿姊愛自家做雞卵糕,媽媽生日，姊姊要自己做蛋糕。,,名詞,,7居家生活
7-30,間房,gien+ fongˇ,房間,老弟个間房像狗竇个樣,弟弟的房間像狗窩一樣。,,名詞,,7居家生活
7-31,手禁, shiu^ zhimˋ,戒指,阿姆生日，吾等愛打隻手禁分佢,媽媽生日，我們要訂做戒指給她。,,名詞,,7居家生活
7-32,罐,guanˋ,瓶；罐,"塑膠罐
酒罐","塑膠罐。
酒瓶。",,名詞,,7居家生活
7-33,故鄉,guˋ hiong+,故鄉,高雄係厥故鄉,高雄是他的故鄉。,,名詞,,7居家生活
7-34,鞋,heˇ,鞋子,一雙高㬹鞋,一雙高跟鞋。,,名詞,,7居家生活
7-35,汽水,kiˋ shui^,汽水,食汽水,喝汽水。,,名詞,,7居家生活
7-36,皮靴,piˇ hio+,皮鞋；靴子,一雙皮靴,一雙皮鞋。,,名詞,,7居家生活
7-37,長笐鞋（長笐靴）,chongˇ gongˇ heˇ (chongˇ gongˇ hio+),雨鞋,落雨天愛著長笐鞋。,下雨天要穿雨鞋。,,名詞,,7居家生活
7-38,鄉,hiong+,鄉,大湖鄉,大湖鄉。,,名詞,,7居家生活
7-39,䟘床,hongˋ congˇ,起床,六點愛䟘床，愛記得哦！,六點要起床，要記得哦！,,動詞,,7居家生活
7-40,鹽,rhamˇ,鹽巴,鹽放恁多，毋使錢係無？,鹽放這麼多，不用錢嗎？,,名詞,,7居家生活
7-41,縣,rhenˋ,縣,新竹縣,新竹縣。,,名詞,,7居家生活
7-42,浴堂（洗身間）,rhogˋ tongˇ (se^ shin+ gien+),浴室,阿姆在浴堂洗身,媽媽在浴室洗澡。,,名詞,,7居家生活
7-43,油,rhiuˇ,油；油膩 ,"用豬油炒菜較香
食齋个人用火油炒菜
莫食恁油，對身體較好","用豬油炒菜比較香
吃素的人用花生油炒菜。
不要吃那麼油，對身體比較好。",,名詞,,7居家生活
7-44,酒,ziu^,酒,"食酒食都當醉
斟一杯酒","喝酒喝到很醉。
倒一杯酒。",,名詞,,7居家生活
7-45,弇,kiemˇ,罩子（名詞）,"菜放桌項，愛用菜弇弇緊
雞弇","菜放在桌上，要用餐罩罩住。
雞籠。",,名詞,,7居家生活
7-46,裙,kiunˇ,裙子,阿姊買一領長裙，著起來當靚,姊姊買了一件長裙，穿起來很漂亮。,,名詞,,7居家生活
7-47,筷（箸）,kuaiˋ (chuˋ),筷子,吾妹在學擎筷,我女兒在學使用筷子。,,名詞,,7居家生活
7-48,空,kung+,孔（孔洞）,若褲仰爛都恁大空？,你的褲子怎麼破得這麼大洞？,,名詞,,7居家生活
7-49,涼水,liongˇ shui^,泛指飲料,愛多食滾水，莫緊食涼水,要多喝白開水，不要一直喝飲料。,,名詞,,7居家生活
7-50,襪,mad^,襪子,一雙襪,一雙襪子。,,名詞,,7居家生活
7-51,味,muiˋ,味道（鼻嗅）；菜湯,"你有鼻着麼个味無？
阿姆炆个爌肉味當香
無煮麼个菜，將就攞味划划嚟","你有聞到什麼味道嗎？
媽媽熬煮的爌肉味道很香。
沒煮什麼菜，拌湯將就吃。",,名詞,,7居家生活
7-52,味瑞,muiˋ suiˋ,味道（口嚐）,"這新出个糖，毋知食起來味瑞仰脣？
這菜無放鹽，食起來無味瑞","這新出的糖果，不知道吃起來味道如何？
這菜沒放鹽，吃起來沒味道。",,名詞,,7居家生活
7-53,米,mi^,米,買一袋米轉去,買一袋米回去。,,名詞,,7居家生活
7-54,大麵（麵）,taiˋ mienˋ (mienˋ),麵條,你當晝愛食飯抑係食大麵？,你中午要吃飯還是吃麵？,,名詞,,7居家生活
7-55,麵包（胖）,mienˋ bau+ (pangˋ),麵包,麵包店,麵包店。,,名詞,,7居家生活
7-56,面帕,mienˋ paˋ,毛巾,一條面帕,一條毛巾。,,名詞,,7居家生活
7-57,眠床,minˇ congˇ,床鋪,一頂眠床,一張床舖。,,名詞,,7居家生活
7-58,帽,moˋ,帽子,一頂帽,一頂帽子。,,名詞,,7居家生活
7-59,糜,moiˇ,稀飯,一碗豬肉糜,一碗豬肉粥。,,名詞,,7居家生活
7-60,目鏡,mug^ giangˋ,眼鏡,目鏡無拿好，跌去必必,眼鏡沒拿好，摔到裂開。,,名詞,,7居家生活
7-61,門,munˇ,門,"這間屋个大門當派頭
這門親事斯恁泥講好哩喲","這間房子的大門很氣派。
這門親事就這樣說好了。",,名詞,數/量詞,7居家生活
7-62,門口,munˇ heu^/kieu^,門口,門口尖核已多人，係在排麼个？,門口擠了很多人，是在排什麼隊？,,名詞,,7居家生活
7-63,鬧鐘（亂鐘）, nauˋ zhung+ (nonˋ zhung+),鬧鐘,鬧鐘緊響當吵，遽遽同佢搤撇去！,鬧鐘一直響很吵，快點把它按掉！,,名詞,,7居家生活
7-64,魚肉,ngˇ ngiug^,魚肉,這魚肉當承牙,這魚肉很彈牙。,,名詞,,7居家生活
7-65,牙刷,ngaˇ sod^,牙刷,牙刷用恁久，好換一支咧！,牙刷用那麼久，該換一支了！,,名詞,,7居家生活
7-66,日曆,ngid^ lagˋ ,日曆,壁項个日曆愛逐日扯,牆上的日曆要每天撕。,,名詞,,7居家生活
7-67,日,ngid^,日子；白天,"入新屋愛擇日
厥頭路做已大，日過都已無閒
日伸無幾久，你愛遽遽準備
熱天日較長，六點還光光","搬新家要挑選日子
他的事業做很大，日子過得很忙碌。
日子剩沒多少，你要快點準備。
夏天白晝比較長，六點了天還亮著。",,名詞,,7居家生活
7-68,艾粄,ngieˋ ban^,艾草粄,客人在清明會打艾粄。,客家人在清明節會做艾草粄。,,名詞,,7居家生活
7-69,牛乳,ngiuˇ nenˋ,牛奶,阿奶朝晨（朝脣）頭會摝牛乳食,祖母早上會泡牛奶喝。,,名詞,,7居家生活
7-70,肉,ngiug^,肉,"羊肉
阿姆去豬砧買脢條肉","羊肉。
媽媽去豬肉攤買小里肌肉。",,名詞,,7居家生活
7-71,盤,panˇ,盤子,洗盤,洗盤子。,,名詞,,7居家生活
7-72,泡茶,pauˋ caˇ,泡茶,仰脣恁有閒？入來泡茶啊！,怎麼那麼有空？進來泡茶啊！,,動詞,,7居家生活
7-73,便所,pienˋ so^,廁所,屋家有兩間便所，當方便,家裡有兩間廁所，很方便。,,名詞,,7居家生活
7-74,膨凳,pongˋ denˋ,沙發,一組膨凳,一組沙發。,,名詞,,7居家生活
7-75,膨線衫,pongˋ sienˋ sam+,毛線衣,一領膨線衫,一件毛線衣。,,名詞,,7居家生活
7-76,切,cied^,切,"這當韌，切毋斷！
切做五垤，大家分分嚟！","這很堅韌，切不斷！
切成五塊，大家分一分！",,動詞,,7居家生活
7-77,衫,sam+,上衣,老妹去學校，衫著都當整齊。,妹妹去學校，衣服穿得很整齊。,,名詞,,7居家生活
7-78,衫褲,sam+ kuˋ,衣服,衫褲爛空，脫落來補補啊嚟！,衣服破洞，脫下來補一補！,,名詞,,7居家生活
7-79,三餐,sam+ con+,三餐,一日三餐兩點心，毋肥正怪！,一日三餐兩頓點心，不肥才怪！,,名詞,,7居家生活
7-80,衫弓,sam+ giung+ ,晾衣架,一組衫弓,一組晾衣架。,,名詞,,7居家生活
7-81,洗衫機,se^ sam+ gi+,洗衣機,洗衫機壞撇,洗衣機壞掉。,,名詞,,7居家生活
7-82,洗身（洗身腳）,se^ shin+ (se^ shin+ giog^),洗澡,洗身洗歸點鐘,洗澡洗了整整一小時。,,動詞,,7居家生活
7-83,生活,sen+ fadˋ,生活,生活過來當鬆容,生活過得很寬裕。,,動詞,,7居家生活
7-84,燒火,sheu+ fo^,燒火；將燃料放入使之燃燒起火,"用灶頭燒火煮飯
拿樵來燒火","用灶燒火煮飯。
拿木柴來燒火。",,動詞,,7居家生活
7-85,食飯,shidˋ ponˋ,吃飯,做事喊毋行，食飯走第一！,做事喊不動，吃飯跑第一！,,動詞,,7居家生活
7-86,食夜,shidˋ rhaˋ,吃晚飯,今晡日朋友湊食夜，𠊎無在屋家食哦！,今天朋友邀約吃晚飯，我沒在家裡吃喔！,,動詞,,7居家生活
7-87,食朝,shidˋ zheu+,吃早飯,愛食朝，做事正有力,要吃早餐，工作才有力氣。,,動詞,,7居家生活
7-88,食晝,shidˋ zhiuˋ,吃中飯,飯煮好哩喲！好食晝咧！,飯煮好了！該吃中飯了！,,動詞,,7居家生活
7-89,食物,shidˋ vudˋ,食物,食物愛好好保存，係無會生菇生蟲。,食物要好好保存，不然會發霉長蟲。,,名詞,,7居家生活
7-90,食茶,shidˋ caˇ,喝茶,阿賢哥，入來食茶啊！,阿賢哥，進來喝茶啊！,,動詞,,7居家生活
7-91,掃,soˋ,掃,地泥仰脣掃毋淨？,地板怎麼掃不乾淨？,,動詞,,7居家生活
7-92,掃地泥,soˋ tiˋ neˇ ,掃地,值日生愛負責掃地泥,值日生要負責掃地。,,動詞,,7居家生活
7-93,索,sog^,繩子,"縈索
䌈索","捲繩子。
綁繩子。",,名詞,,7居家生活
7-94,睡,shoiˋ,睡；躺,"逐日睡到七晝八晝
你睡厥脣項","每天睡到很晚。
你睡他旁邊。",,動詞,,7居家生活
7-95,睡當晝,shoiˋ dong+ zhiuˋ,睡午覺,阿爹無睡當晝个習慣,祖父沒有睡午覺的習慣。,,動詞,,7居家生活
7-96,睡目,shoiˋ mug^,睡覺,恁夜咧，你仰脣還毋睡目？,那麼晚了，你怎麼還不睡？,,動詞,,7居家生活
7-97,酸醋,son+ ciiˋ,醋,豬腸愛同酸醋炒，正合味,豬大腸要和醋炒，才對味。,,名詞,,7居家生活
7-98,時錶（手錶）,shiˇbiau^ (shiu^ biau^),手錶,戴時錶,戴手錶。,,名詞,,7居家生活
7-99,雨衫（水衣）,rhi^ sam+ (shui^ rhi+),雨衣,著水衣,穿雨衣。,,名詞,,7居家生活
7-100,水餃,shui^ giau^,水餃,"
煠水餃",煮水餃。,,名詞,,7居家生活
7-101,水靴,shui^ hio+,雨靴,這下水靴乜做都當時行,現在的雨靴也做得很時尚。,「靴」本讀hio+，口語hioˊ,名詞,,7居家生活
7-102,廳下,ten+ ha+,客廳,食飽來去廳下泡茶食,吃飽去客廳泡茶喝。,,名詞,,7居家生活
7-103,豆腐,teuˋ fuˋ,豆腐,磨豆腐,磨豆腐。,,名詞,,7居家生活
7-104,豆油,teuˋ rhiuˇ,醬油,這豆油忒死鹹咧！,這醬油鹹過頭了！,,名詞,,7居家生活
7-105,豆乳,teuˋ nenˋ,豆漿,朝晨（朝脣）慣勢食一杯豆乳,早上習慣喝一杯豆漿。,,名詞,,7居家生活
7-106,垃圾,la^ sab^,垃圾,使毋得儘採擲垃圾,不能隨便丟垃圾。,,名詞,,7居家生活
7-107,地泥,tiˋ neˇ,地板,間房地泥仰脣恁屙糟？,房間地板怎麼這麼髒？,,名詞,,7居家生活
7-108,添飯,tiam+ ponˋ,盛飯、裝飯,同屋家人添飯,幫家人添飯。,,動詞,,7居家生活
7-109,電火,tienˋ fo^,電燈,電火毋會著，怕燒撇咧！,電燈不會亮，可能是燒壞了！,,名詞,,7居家生活
7-110,電視,tienˋ shiˋ,電視,老弟一下課轉來斯掌緊電視,弟弟一下課回家就守著電視。,,名詞,,7居家生活
7-111,拖箱,to+ siongˊ,抽屜,拖箱淰都關毋起來,抽屜滿到關不起來。,,名詞,,7居家生活
7-112,梯,toi+,梯子,跋恁高，你愛摱緊梯,爬那麼高，你要扶著梯子！,本讀toi+，口語toiˊ,名詞,,7居家生活
7-113,梯（樓梯）,toiˊ (leuˇ toi+),樓梯,細人跋梯愛當注意,小孩爬樓梯要很注意。,,名詞,,7居家生活
7-114,湯,tong+,湯,拿碗公來張湯,拿碗公來裝湯。,,名詞,,7居家生活
7-115,糖,tongˇ,糖,"烏糖
蜂糖","黑糖。
蜂蜜。",,名詞,,7居家生活
7-116,糖,tongˇ,糖果,表老妹毋好食糖，好食梅,表妹不喜歡吃糖果，喜歡吃梅子。,,名詞,,7居家生活
7-117,碗公,van^ gung+,大碗,一大碗公,一大碗。,,名詞,,7居家生活
7-118,屋,vug^,房子,對面新起兩排屋,對面新建了兩排房屋。,,名詞,,7居家生活
7-119,屋家,vug^ ka+,家,"轉屋家
屋家人","回家。
家人。",,名詞,,7居家生活
7-120,搵,vunˋ,沾取,"搵豆油
搵地泥","沾醬油。
沾地板（引申為在地上耍賴）。",,動詞,,7居家生活
7-121,線,sienˋ,線,畫一條線,畫一條線。,,名詞,,7居家生活
7-122,遮,zha+/zhaˊ,傘,擎遮,撐雨傘。,本讀zha+，口語zhaˊ,名詞,,7居家生活
7-123,紙,zhi^,紙,"一疊紙
燒銀紙分好兄弟","一疊紙。
燒銀紙給好兄弟。",,名詞,,7居家生活
7-124,針,zhim+,針,"阿姆擎針補衫褲
針線","媽媽拿針縫補衣服。
針線。",,名詞,數/量詞,7居家生活
7-125,灶下,zoˋ ha+,廚房,阿嫂在灶下煮飯,嫂嫂在廚房煮飯。,,名詞,,7居家生活
7-126,桌,zog^,桌子,大家圍核圓桌食飯,大家圍著圓桌吃飯。,,名詞,,7居家生活
7-127,莊下（田莊）,zong+ ha+ (tienˇ zong+),鄉下,莊下人,鄉下人。,,名詞,,7居家生活
7-128,豬肉,zhu+ ngiug^,豬肉,腈豬肉,精瘦的豬肉。,,名詞,,7居家生活
7-129,菸,rhen+,香菸,毋好緊食菸，對肺毋好,不要一直抽菸，對肺不好。,,名詞,,7居家生活
8-1,老鼠,loˋ chu^,老鼠,老鼠已會養，一到斯養幾下隻,老鼠很會生，一次生好幾隻。,,名詞,,8生物
8-2,牛,ngiuˇ,牛,牛在田項犁田,牛在田裡犁田。,,名詞,,8生物
8-3,老虎,loˋ fu^,老虎,老虎走出來咧！大家驚都會死,老虎跑出來了！大家嚇得要命。,,名詞,,8生物
8-4,兔,tuˋ,兔子,,,,名詞,,8生物
8-5,蛇（蛇哥）,shaˇ (shaˇ go+),蛇,該蛇當大尾，十分得人驚！,那條蛇很大尾，非常可怕！,,名詞,,8生物
8-6,馬,ma+,馬,騎馬,騎馬。,,名詞,,8生物
8-7,羊,rhongˇ,羊,,,,名詞,,8生物
8-8,雞,gie+,雞,阿姆在灶下煠雞,媽媽在廚房燙雞肉。,本讀gie+，口語gieˊ,名詞,,8生物
8-9,狗,gieu^,狗,阿姨送𠊎一隻烏色个狗,阿姨送我一隻黑色的狗。,,名詞,,8生物
8-10,豬,zhu+,豬,"餵豬
頭擺當多人在屋脣畜豬","餵豬。
以前很多人在房屋旁邊養豬。",本讀zhu+，口語zhuˊ,名詞,,8生物
8-11,鴨,ab^,鴨,拜祖公使毋得用鴨，因為嘴扁扁,拜祖先不能拜鴨子，因為嘴巴扁扁的。,,名詞,,8生物
8-12,鳥,diau+,鳥,一竇鳥,一窩鳥。,本讀diau+，口語diauˊ,名詞,,8生物
8-13,貓,ngiauˋ,貓,"貓在屋頂項睡目
貓徙竇","貓在屋頂上睡覺。
貓搬家。",,名詞,,8生物
8-14,魚,ngˇ,魚,阿爸今晡日釣着十外尾魚,爸爸今天釣到十多條魚。,,名詞,,8生物
8-15,蟲,chungˇ,蟲,,,,名詞,,8生物
8-16,㸐毛蟲,nad^ mo+ chungˇ,毛毛蟲,樹項有㸐毛蟲，老妹真驚,樹上有毛毛蟲，妹妹很怕。,,名詞,,8生物
8-17,大水蟻,taiˋ shui^ ngieˋ,水蟻,落雨天，大水蟻滿哪飛,下雨天，水蟻到處飛。,,名詞,,8生物
8-18,糖蜂（蜂）,tongˇ pung+ (pung+/pungˊ),蜜蜂,糖蜂當煞猛,蜜蜂很勤奮。,本讀pung+，口語pungˊ,名詞,,8生物
8-19,黃蚻,vongˇ cadˋ,蟑螂,,,,名詞,,8生物
8-20,葉,rhabˋ,葉子,地泥下有一皮葉,地上有一片葉子。,,名詞,,8生物
8-21,花,fa+,花,花園肚个花開來當靚,花園裡的花開得很美。,,名詞,,8生物
8-22,草,co^,草,草生都恁長，有閒去挷挷嚟！,草長那麼長，有空去拔一拔！,,名詞,,8生物
8-23,包粟,bau+ siug^,玉米,包粟食起來當甜,玉米吃起來很甜。,,名詞,,8生物
8-24,吊菜,diauˋ coiˋ,茄子,,,,名詞,,8生物
8-25,地豆,tiˋ teuˋ,花生,地豆當香,花生很香。,,名詞,,8生物
8-26,苦瓜,ku^ gua+,苦瓜,,,,名詞,,8生物
8-27,柑,gam+/gamˊ,橘子,,,本讀gam+，口語gamˊ,名詞,,8生物
8-28,弓蕉,giung+ ziau+,香蕉,一比弓蕉,一串香蕉。,,名詞,,8生物
8-29,蘋果,linˋ/pinˇ go^,蘋果,食蘋果,吃蘋果。,,名詞,,8生物
8-30,西瓜,si+ gua+,西瓜,西瓜切做一㼓一㼓,西瓜切成一片一片。,,名詞,,8生物
8-31,果子（水果）,go^ zii^ (shui^ go^),水果,,,,名詞,,8生物
8-32,角,gog^,動物頭上或鼻前長出的角,"牛角。
羊角。","牛角。
羊角。",,名詞,,8生物
8-33,卵,lon^,蛋,鳥卵,鳥蛋。,,名詞,,8生物
8-34,翼胛,rhidˋ gab^,翅膀,這鳥个翼胛著傷，飛毋起來,這鳥的翅膀受傷，飛不起來。,,名詞,,8生物
8-35,動物,tungˋ vudˋ,動物,有兜動物當得人惜,有些動物很可愛。,,名詞,,8生物
8-36,白菜,pagˋ coiˋ,小白菜,,,,名詞,,8生物
8-37,禾,voˇ,稻子,田項有當多禾,田裡有很多稻子。,,名詞,,8生物
8-38,竹,zhug^,竹子,剁竹頭,砍竹子。,,名詞,,8生物
8-39,樹,shuˋ,樹；木頭,"種兩頭樹
這凳係樹做个","種兩棵樹。
這椅子是木頭做的。",,名詞,,8生物
8-40,種,zhung^,種子；種類,"菜種
這使得留起來做種
鉛筆盒有恁多種，你自家擇！","菜種子。
這可以留起來當種子。
鉛筆盒有很多種，你自己挑！",,名詞,,8生物
8-41,聲,shang+,聲音,厥聲當軟，聽着心情已好,他的聲音很溫柔，聽了心情很好。,,名詞,數/量詞,8生物
9-1,暗,amˋ,晚；黑暗、不明亮,"仰脣恁暗還毋知好轉？
恁暗咧！好睡哩喲！
停電咧！裡背暗暗","怎麼這麼晚了還不回家？
這麼晚了！該睡了！
停電了！裡面暗暗的。",,形容詞,,9自然與景觀
9-2,吹,choi+,吹,"衫褲吹風真遽燥
頭那毛愛吹燥來","衣服吹風很快就乾。
頭髮要吹乾。",,動詞,,9自然與景觀
9-3,出日頭,chud^ ngid^ teuˇ,出太陽,外背出日頭，已燒暖,外面出太陽，很暖和。,,動詞,,9自然與景觀
9-4,春天,chun+ tien+,春天,,,,名詞,,9自然與景觀
9-5,火,fo^,火,隔壁火燒屋，還得人驚,隔壁火燒房子，很可怕。,,名詞,,9自然與景觀
9-6,風,fung+,風；氣,"起風咧！著領外衫，無斯會寒着哦！
車輪騎起來無風，毋知分麼个刺着","起風了！穿件外套，不然會感冒哦！
輪胎漏氣，不知道被什麼刺到。",,名詞,,9自然與景觀
9-7,好天,ho^ tien+,晴天,外背恁好天,外面天氣很好。,,形容詞,,9自然與景觀
9-8,河壩,hoˇ baˋ,河,落大雨，河壩水淰出來咧！,下大雨，河水滿出來了！,,名詞,,9自然與景觀
9-9,海,hoi^,海,海脣搞沙,海邊玩沙。,,名詞,,9自然與景觀
9-10,寒天,honˇ tien+,冬天,寒天過撇斯春天咧！,冬天過完就是春天了！,,名詞,,9自然與景觀
9-11,雨,rhi^,雨,落大雨咧，你有帶遮無？,下大雨了，你有帶雨傘嗎？,,名詞,,9自然與景觀
9-12,煙,rhen+,煙,火燒屋，外背煙當大,房屋失火，外面煙很大。,,名詞,,9自然與景觀
9-13,雲,rhunˇ,雲,天頂無麼个雲,天空沒什麼雲。,,名詞,,9自然與景觀
9-14,空氣,kung+ kiˋ,空氣,莊下空氣當好,鄉下空氣很好。,,名詞,,9自然與景觀
9-15,落大雨,logˋ taiˋ rhi^,下大雨,外背落大雨，還響雷公,外面下大雨，還打雷。,,動詞,,9自然與景觀
9-16,泥沙,neˇ sa+,泥巴,老妹搞都歸身泥沙轉來，分阿姆罵,妹妹玩得全身是泥巴回家，被媽媽罵。,,名詞,,9自然與景觀
9-17,日頭,ngid^ teuˇ,太陽,日頭恁烈，在屋家尞較贏！,陽光正烈，在家裡休息比較好！,,名詞,,9自然與景觀
9-18,月光,ngiedˋ gong+,月亮,今晡日係舊曆十五，月光又大又圓,今天是農曆十五日，月亮又大又圓。,,名詞,,9自然與景觀
9-19,熱天,ngiedˋ tien+,夏天,熱天洗冷水當鬆爽,夏天洗冷水澡很舒服。,,名詞,,9自然與景觀
9-20,平洋,piangˇ rhongˇ,平原,較多人戴在平洋地區,比較多人住在平原地區。,,名詞,,9自然與景觀
9-21,青山,ciang+ san+,青山,青山綠水,青山綠水。,,名詞,,9自然與景觀
9-22,秋天,ciu+ tien+,秋天,,,,名詞,,9自然與景觀
9-23,沙,saˊ/sa+,沙子,"目珠打着沙，當疾！
細人當好搞沙","沙子跑進眼睛，很痛！
小孩很愛玩沙。",本讀sa+，口語saˊ,名詞,,9自然與景觀
9-24,石油,shagˋ rhiuˇ,石油,阿拉伯出產石油,阿拉伯出產石油。,,名詞,,9自然與景觀
9-25,石頭,shagˋ teuˇ,石頭,車分大石頭矺都綿綿,車子被大石頭壓得稀爛。,,名詞,,9自然與景觀
9-26,山,san+,山,日頭落山，好轉咧！,太陽下山，該回去了！,,名詞,,9自然與景觀
9-27,星,sen+,星星,星瀉屎,流星。,本讀sen+，口語senˊ。,名詞,,9自然與景觀
9-28,溼,shib^,溼,地泥溼溼,地板溼溼的。,,形容詞,,9自然與景觀
9-29,水,shui^,水,"落雨落無停，屋肚入水咧！
水暖好咧，遽去洗身！","下雨下不停，房子進水了！
水加熱好了，快去洗澡！",,名詞,,9自然與景觀
9-30,天,tien+,天,天地,天地。,,名詞,,9自然與景觀
9-31,天弓,tien+ giung+,彩虹,落雨過後，外背出天弓,下雨過後，外面出現彩虹。,,名詞,,9自然與景觀
9-32,天時,tien+ shiˇ,天氣,這駁天時變化當大,這陣子天氣變化很大。,,名詞,,9自然與景觀
9-33,天頂,tien+ den^,天上、天空,鳥飛到天頂,鳥飛到天上。,,副詞,,9自然與景觀
9-34,田,tienˇ,田,"田脣有當多草
阿爹留落來个田，這下無人耕種咧！","田邊有很多草。
祖父留下來的田，現在沒人耕種了！",,名詞,,9自然與景觀
9-35,土地,tu^ tiˋ ,土地,該垤土地係叔公个,那塊土地是叔祖父的。,,名詞,,9自然與景觀
9-36,黃金,vongˇ gim+,黃金,這下黃金已貴,現在黃金很貴。,,名詞,,9自然與景觀
9-37,烏陰,vu+ rhim+,陰,外背烏陰天，怕愛落雨咧！,外面是陰天，也許要下雨了！,,形容詞,,9自然與景觀
9-38,雪,sied^,雪,日本當會落雪,日本很常下雪。,,名詞,,9自然與景觀
9-39,洲,ziu+,水中的陸塊；洲,"沙洲
浮洲
亞洲
歐洲","沙洲。
浮洲。
亞洲。
歐洲。",,名詞,,9自然與景觀
10-1,代表,toiˋ biau^,代表,"這代表麼个，你知無？
老弟代表班項去比賽。","這代表什麼，你知道嗎？
弟弟代表班上去比賽。",,動詞,,10法律、政治與軍事
10-2,臺灣,toiˇ vanˇ,臺灣,臺灣人,臺灣人。,,名詞,,10法律、政治與軍事
10-3,政治,zhinˋ chiˋ,政治,政治人物,政治人物。,,名詞,,10法律、政治與軍事
10-4,政府,zhinˋ fu^,政府,政府愛尊重民眾,政府要尊重民眾。,,名詞,,10法律、政治與軍事
11-1,巴士,baˋ sii^,公共汽車,坐巴士,坐巴士。,,名詞,,11通訊、建設與交通
11-2,排列（擺列）,paiˇ liedˋ (baiˇ liedˋ),排隊,買電影票愛排列,買電影票要排隊。,,動詞,,11通訊、建設與交通
11-3,飛行機,fui+ hangˇ gi+,飛機,坐飛行機,坐飛機。,,名詞,,11通訊、建設與交通
11-4,車牌,cha+ paiˇ,站牌；車輛牌照,"公車車牌
車牌搣毋見撇","公車站牌。
牌照弄不見。",,名詞,,11通訊、建設與交通
11-5,車頭,cha+ teuˇ,車站,臺北車頭,臺北車站。,,名詞,,11通訊、建設與交通
11-6,車,cha+,車子,阿哥昨晡日牽新車,哥哥昨天領新車。,本讀cha+，口語chaˊ,名詞,,11通訊、建設與交通
11-7,鐵馬,tied^ ma+,腳踏車,騎鐵馬愛注意車,騎自行車要注意車子。,,名詞,,11通訊、建設與交通
11-8,住址,chuˋ zhi^,住址,住址留落來，正好尋你,留一下住址，才方便找你。,,名詞,,11通訊、建設與交通
11-9,擋,dong^,煞車（名詞）,踏擋,踩煞車。,,名詞,,11通訊、建設與交通
11-10,飛機場,fui+ gi+ chongˇ,機場,臺灣盡大个飛機場在桃園,臺灣最大的機埸在桃園。,,名詞,,11通訊、建設與交通
11-11,火車,fo^ cha+,火車,坐火車去花蓮,坐火車去花蓮。,,名詞,,11通訊、建設與交通
11-12,火車頭（火車站）,fo^ cha+ teuˇ (fo^ cha+ zamˋ),火車站,火車頭該位當鬧熱,火車站那裡很熱鬧。,,名詞,,11通訊、建設與交通
11-13,紅毛泥（水泥）,fungˇ mo+ neˇ (shui^ neˇ),水泥,攪紅毛泥,攪拌水泥。,,名詞,,11通訊、建設與交通
11-14,計程車,gieˋ changˇ cha+,計程車,落大雨，打電話喊計程車好咧！,下大雨，打電話叫計程車好了！,,名詞,,11通訊、建設與交通
11-15,街,gie+,街,佢戴在中央二街,他住在中央二街。,,名詞,,11通訊、建設與交通
11-16,高鐵,go+ tied^,高速鐵路,坐高鐵出差當利便,坐高鐵出差很方便。,,名詞,,11通訊、建設與交通
11-17,廣告,gong^ goˋ,廣告,這廣告開撇毋會少錢哦?,這廣告花了不少錢哦？,,名詞,,11通訊、建設與交通
11-18,公園,gung+ rhenˇ,公園,老人家在公園肚行棋,老人家在公園裡下棋。,,名詞,,11通訊、建設與交通
11-19,汽車,kiˋ cha+,汽車,,,,名詞,,11通訊、建設與交通
11-20,巷,hongˋ,巷子,"臺北市有當多巷
細巷當暗，你愛細義","臺北市有很多巷弄。
小巷子很暗，你要小心。",,名詞,,11通訊、建設與交通
11-21,游泳池,rhiuˇ rhun^ chiˇ,游泳池,去游泳池尋教練學泅水,去游泳池找教練學游泳。,,名詞,,11通訊、建設與交通
11-22,區,ki+,區,佢戴士林區,他住士林區。,,名詞,,11通訊、建設與交通
11-23,騎,kiˇ,騎,"騎車愛注意安全
這鐵馬恁高，等你較大正使得騎","騎車要注意安全。
這自行車那麼高，等你比較大時才可以騎。",,動詞,,11通訊、建設與交通
11-24,橋,kiauˇ,橋,這板橋舊年分大水打走,這座橋去年被大水沖走。,,名詞,,11通訊、建設與交通
11-25,樓,leuˇ,樓,佢戴十二樓,他住十二樓。,,名詞,,11通訊、建設與交通
11-26,路,luˋ,路,中山路,中山路。,,名詞,,11通訊、建設與交通
11-27,捷運,ciabˋ rhunˋ,捷運,坐捷運,坐捷運。,,名詞,,11通訊、建設與交通
11-28,駛,sii^,駕駛、開（車）,"阿爸係駛計程車个
你若係愛用車，使得借你駛","爸爸是開計程車的。
你如果要用車，可以借你開。",,動詞,,11通訊、建設與交通
11-29,市,shiˋ,市,臺南市,臺南市。,,名詞,,11通訊、建設與交通
11-30,船,shonˇ,船,高雄港有當多船。,高雄港有很多船。,,名詞,,11通訊、建設與交通
11-31,手機,shiu^ gi+,手機,緊搞手機，目珠會壞撇！,一直玩手機，眼睛會壞掉！,,名詞,,11通訊、建設與交通
11-32,電話,tienˋ faˋ,電話,有事情斯打電話分阿銘,有事情就打電話給阿銘。,,名詞,,11通訊、建設與交通
11-33,電腦,tienˋ no^,電腦,搞電腦,玩電腦。,,名詞,,11通訊、建設與交通
11-34,電梯,tienˋ toi+,電梯,若東西恁多，坐電梯較省力,你的東西那麼多，坐電梯比較省力。,,名詞,,11通訊、建設與交通
11-35,奧多拜（機車）,o+ doˋ baiˋ (gi+ cha+),機車,騎奧多拜,騎機車。,,名詞,,11通訊、建設與交通
12-1,賺,conˋ,賺,經濟毋好，賺毋着來食,經濟差，很難賺錢維生。,,動詞,,12職業與經濟
12-2,賺錢,conˋ cienˇ,賺錢,賺錢賺毋着來使,賺錢賺得不夠花。,,動詞,,12職業與經濟
12-3,伸,chun+,剩餘,屋家米伸無幾多,家裡米剩沒多少。,,動詞,,12職業與經濟
12-4,店,diamˋ,店鋪,這間店生理當好,這間店生意很好。,,名詞,,12職業與經濟
12-5,發票,fad^ piauˋ,發票,發票兩個月對獎一到,發票每兩個月兌獎一次。,,名詞,,12職業與經濟
12-6,飯店,ponˋ diamˋ,飯店,在飯店歇一夜,在飯店休息一晚,,名詞,,12職業與經濟
12-7,加,ga+,加,"加法
加五十個銀分你","加法。
加五十元給你。",,動詞,,12職業與經濟
12-8,減,gam^,減,"減法
這飯添忒多，減兜分你好無？","減法。
這飯添太多，攤一些給你好嗎？",,動詞,,12職業與經濟
12-9,耕田,gang+ tienˇ ,耕田；務農,"耕田人煞猛耕田
耕田愛照節氣來做事","農夫努力耕田。
耕田要依照節氣來工作。",,動詞,,12職業與經濟
12-10,耕田人,gang+ tienˇ nginˇ,種田人、農夫,吾太係耕田人，吾爸乜係,我的曾祖父是農夫，我爸爸也是。,,名詞,,12職業與經濟
12-11,記者,giˋ zha^,記者,記者等下愛來採訪，你準備一下,記者等一下要來採訪，你準備一下。,,名詞,,12職業與經濟
12-12,貴,guiˋ,貴,這下麼个都貴，還衰過,現在什麼都貴，真可憐。,,形容詞,,12職業與經濟
12-13,工廠,gung+ chong^,工廠,阿爸在工廠上班。,爸爸在工廠上班。,,名詞,,12職業與經濟
12-14,工人,gung+ nginˇ,工人,工人靠苦力賺錢,工人靠勞力賺錢。,,名詞,,12職業與經濟
12-15,公司,gung+ sii+,公司,公司賺當多錢,公司賺很多錢。,,名詞,,12職業與經濟
12-16,工業,gung+ ngiabˋ,工業,工業區,工業區。,,名詞,,12職業與經濟
12-17,下班,ha+ ban+,下班,六點正下班,六點才下班。,,動詞,,12職業與經濟
12-18,借,ziaˋ,借,臨時愛用錢，使得同你借兜無？,臨時要用錢，可以跟你借一些嗎？,,動詞,,12職業與經濟
12-19,欠,kiamˋ,欠,欠數欠恁久，哪久愛還？,欠債欠那麼久，何時要還？,,動詞,,12職業與經濟
12-20,旅社（旅館）,li^ sha+ (li^ guan^),旅館,轉角新開一間旅社，已派頭,轉角有一間新開的旅館，很氣派。,,名詞,,12職業與經濟
12-21,賣,maiˋ,賣,"這玩具無麼个心色，賣無人愛
賣撇","這玩具沒什麼趣味，賣不出去。
賣掉。",,動詞,,12職業與經濟
12-22,買,mai+,買,這禮拜咖啡買一送一,這禮拜咖啡買一送一。,,動詞,,12職業與經濟
12-23,銀行,ngiunˇ hongˇ,銀行,臺灣銀行,臺灣銀行。,,名詞,,12職業與經濟
12-24,辦公室,panˋ gung+ shid^,辦公室,辦公室尖二十個人，硬硬會無路好行,辦公室擠了二十個人，幾乎沒有路可以走。,,名詞,,12職業與經濟
12-25,票,piauˋ,票,"車票愛袋好，毋見撇斯麻煩哩喲！
若電影票放哪去咧？","車票要放好，不見就麻煩了！
你的電影票放到哪裡了？",,名詞,,12職業與經濟
12-26,便宜,pienˇ ngiˇ,便宜,"高麗菜大出，十分便宜
便宜無好貨","高麗菜正盛產，非常便宜。
便宜沒好貨。",,形容詞,,12職業與經濟
12-27,請假,ciang^ ga^,請假,下禮拜一請假,下禮拜一請假。,「假」亦可讀為「gaˋ」,動詞,,12職業與經濟
12-28,事,sheˋ,工作,阿叔去田項做田事,叔叔去田裡耕作。,,名詞,,12職業與經濟
12-29,生理,sen+ li+,生意,頭家當笑面，生理一等好,老闆笑容滿面，生意非常好。,,名詞,,12職業與經濟
12-30,市場,shiˋ chongˇ,市場,市場肚，麼个都賣,市場裡，什麼都賣。,,名詞,,12職業與經濟
12-31,司機,sii+ gi+,司機,佢請司機駛車載佢去飯店,他請司機開車載他去飯店。,,名詞,,12職業與經濟
12-32,算,sonˋ,算、數數,"算毋和
算毋著","不划算。
算錯。",,動詞,,12職業與經濟
12-33,上班,shong+ ban+,上班,打早斯愛上班，還悿！,一大早就要上班，很累！,,動詞,,12職業與經濟
12-34,頭家,teuˇ ga+,老闆,該頭家對人當好,那老闆對人很好。,,名詞,,12職業與經濟
12-35,頭路,teuˇ luˋ,工作,你畢業後想愛做麼个頭路？,你畢業後想要做什麼工作？,,名詞,,12職業與經濟
12-36,信袋（信絡、信封）,sinˋ toiˋ (sinˋlogˋ、sinˋ fung+),信封,買一隻信袋,買一只信封。,,名詞,,12職業與經濟
12-37,先生,sin+ sen+,老師；醫生,"做先生愛有耐心
去醫院分先生看","當老師要有耐心。
去醫院看醫生。",,名詞,,12職業與經濟
12-38,做事,zoˋ sheˋ,工作,逐日做事做到斷烏,每天工作到天黑。,,動詞,,12職業與經濟
12-39,主任,zhu^ rhimˋ,主任,教務主任,教務主任。,,名詞,,12職業與經濟
12-40,花錢,fa+ cienˇ,花錢,毋好恁會花錢，較省兜！,不要那麼會花錢，節省一點！,,動詞,,12職業與經濟
13-1,表演,biau^ rhenˋ,表演,老妹在舞臺項表演,妹妹在舞臺上表演。,,動詞,,13藝文與教育
13-2,比賽,bi^ saiˋ,比賽,講演比賽,演講比賽。,,名詞,動詞,13藝文與教育
13-3,畢業,bid^ ngiabˋ,畢業,阿姊今年六月愛畢業,姊姊今年六月要畢業。,,動詞,,13藝文與教育
13-4,放學（放轉）,biongˋhogˋ (biongˋ zhon^),放學,放學愛跈緊轉屋家,放學要馬上回家。,,動詞,,13藝文與教育
13-5,放尞,biongˋ liauˋ,放假,下禮拜放尞,下禮拜放假。,,動詞,,13藝文與教育
13-6,放紙鷂,biongˋ zhi^ rhauˋ,放風箏,來去放紙鷂,來去放風箏。,,動詞,,13藝文與教育
13-7,報告,boˋ goˋ,報告,寫報告,寫報告。,,名詞,動詞,13藝文與教育
13-8,報紙（新聞紙）,boˋ zhi^ (sin+ vunˇ zhi^),報紙,逐朝晨（朝脣）有人來送報紙,每天早上有人來送報紙。,,名詞,,13藝文與教育
13-9,插花,cab^ fa+,插花,阿姆逐禮拜去學插花,媽媽每個禮拜去學插花。,,動詞,,13藝文與教育
13-10,操場,cau+ chongˇ,操場,走操場五輪,跑操場五圈。,,名詞,,13藝文與教育
13-11,傳統,chonˇ tung^,傳統,傳統風俗,傳統風俗。,,名詞,,13藝文與教育
13-12,唱,chongˋ,唱,唱歌,唱歌。,,動詞,,13藝文與教育
13-13,暑假,chu^ ga^,暑假,舊年暑假，同學去韓國三日,去年暑假，同學去韓國三天。,「假」亦可讀為「gaˋ」,名詞,,13藝文與教育
13-14,捽布,cudˋ buˋ,橡皮擦,鉛筆寫毋著，使得用捽布捽,鉛筆寫錯，可以用橡皮擦擦拭。,,名詞,,13藝文與教育
13-15,打第一（打頭名）,da^ tiˋ rhid^ (da^ teuˇ miangˇ),得第一,講着食哦！佢打第一,說到吃哦！他得第一啦。,,動詞,,13藝文與教育
13-16,畫,faˋ/vagˋ,繪畫,"畫一張圖
畫出來","畫一張圖。
畫出來。",,名詞,動詞,13藝文與教育
13-17,活動,fadˋ tungˋ,活動,辦活動,辦活動。,,名詞,,13藝文與教育
13-18,發表,fad^ biau^,發表,發表研究成果,發表研究成果。,,動詞,,13藝文與教育
13-19,粉枋（烏枋）,fun^ biong+ (vu+ biong+),黑板,粉枋吂捽淨，過捽一下,黑板沒擦乾淨，再擦一下。,,名詞,,13藝文與教育
13-20,粉枋捽,fun^ biong+ cudˋ,板擦,粉枋恁屙糟，粉枋捽拿來捽淨,黑板那麼髒，板擦拿來擦乾淨。,,名詞,,13藝文與教育
13-21,教育,gauˋ rhug^,教育,"教育部
厥爺哀同佢教育都十分好","教育部。
他父母把他教育得非常好。",,名詞,動詞,13藝文與教育
13-22,教室,gauˋ shid^,教室,拚掃教室愛認真,打掃教室要認真。,,名詞,,13藝文與教育
13-23,搞,gau^,玩耍；弄,老妹當好搞水，逐擺都講愛去河壩搞。,妹妹很愛玩水，每次都說要去河邊玩。,,動詞,,13藝文與教育
13-24,校長,gau^ zhong^,校長,佢對主任，一路做到校長,他從主任，一路做到校長。,,名詞,,13藝文與教育
13-25,教,gau+,教導,"細人還細斯愛教
係毋會，斯愛教分佢會","小孩還小就要教
如果不會，就要教到他會為止。",,動詞,,13藝文與教育
13-26,教書,gau+ shu+,教書,阿姆在學校教書，明年愛退休咧！,媽媽在學校教書，明年要退休了！,,動詞,,13藝文與教育
13-27,歌,goˊ/go+,歌,"你唱个係麼个歌？
這條歌當好聽","你唱的是什麼歌？
這首歌很好聽。",本讀go+，口語goˊ,名詞,,13藝文與教育
13-28,講古,gong^ gu^,講故事,𠊎當好聽阿爹講古,我很喜歡聽祖父講故事。,,動詞,,13藝文與教育
13-29,古（故事）,gu^ (guˋ siiˋ),故事,這條古當感人,這個故事很感人。,,名詞,,13藝文與教育
13-30,國中,guad^ zhung+,國中,中山國中,中山國中。,,名詞,,13藝文與教育
13-31,功課,gung+ koˋ,功課,逐日都有功課愛寫,每天都有功課要寫。,,名詞,,13藝文與教育
13-32,客話,kag^ faˋ,客家話,厥客話講來十分好,他的客語講得非常好。,,名詞,,13藝文與教育
13-33,翕相,himˋ/hib^ siongˋ,照相,你三儕過來，企共下翕相,你們三個過來，站一起拍照。,,動詞,,13藝文與教育
13-34,學,hogˋ,學習,學人做生理,學人家做生意。,,動詞,,13藝文與教育
13-35,學校,hogˋ gau^,學校,私立學校,私立學校。,,名詞,,13藝文與教育
13-36,學生,hogˋ sang+/sen+ ,學生,恁多個學生,那麼多個學生。,,名詞,,13藝文與教育
13-37,鉛筆,rhenˇ bid^,鉛筆,一支鉛筆,一支鉛筆。,,名詞,,13藝文與教育
13-38,音樂,rhim+ ngogˋ,音樂,音樂課,音樂課。,,名詞,,13藝文與教育
13-39,運動,rhunˋ tungˋ,運動,阿爹逐朝晨（朝脣）會去公園運動,祖父每天早上會去公園運動。,,動詞,,13藝文與教育
13-40,運動會,rhunˋ tungˋ fuiˋ,運動會,下禮拜六學校辦運動會,下禮拜六學校辦運動會。,,名詞,,13藝文與教育
13-41,運動埕,rhunˋ tungˋ changˇ,運動場,學生在運動埕項走相逐,學生在運動場上賽跑。,,名詞,,13藝文與教育
13-42,節目,zied^ mug^,節目,這節目當精彩，你來共下看,這節目很精采，你來一起看。,,名詞,,13藝文與教育
13-43,足球（腳球）,ziug^ kiuˇ (giog^ kiuˇ),足球,踢足球,踢足球。,,名詞,,13藝文與教育
13-44,考,kau^,考,佢考着博士班，厥爺哀當暢,他考上博士班，他父母很開心。,,動詞,,13藝文與教育
13-45,考試,kau^ shiˋ,考試,天光日愛考試，愛較拚兜,明天要考試，要認真一點。,,名詞,動詞,13藝文與教育
13-46,球場,kiuˇ chongˇ,球場,在球場項打球,在球場上打球。,,名詞,,13藝文與教育
13-47,球,kiuˇ,球,使毋得在教室肚擲球,不可以在教室裡丟球。,,名詞,,13藝文與教育
13-48,課,koˋ,課,音樂課,音樂課。,,名詞,,13藝文與教育
13-49,課本,koˋ bun^,課本,佢無帶着課本，所以同同學共下看,他沒帶到課本，所以跟同學一起看。,,名詞,,13藝文與教育
13-50,課文,koˋ vunˇ,課文,先生喊佢企起來念課文,老師叫他站起來念課文。,,名詞,,13藝文與教育
13-51,科學,ko+ hogˋ,科學,科學家,科學家。,,名詞,,13藝文與教育
13-52,開學,koi+ hogˋ,開學,下禮拜一愛開學咧,下禮拜一要開學了。,,動詞,,13藝文與教育
13-53,看戲,konˋ hiˋ,看戲,廟埕前看戲,廟口前看戲。,,動詞,,13藝文與教育
13-54,籃球,lamˇ kiuˇ,籃球,籃球比賽,籃球比賽。,,名詞,,13藝文與教育
13-55,旅行,li^ hangˇ,旅行,出國旅行愛保險,出國旅行要保險。,,動詞,,13藝文與教育
13-56,尞, liauˋ,玩；休閒；休息,"這禮拜六去尋你尞，好無？
歸家人愛去哪尞？
好尞一下咧，目珠會看壞撇。","這禮拜六去找你玩，好嗎？
全家人要去哪裡玩？
該休息一下了，眼睛會看壞。",,動詞,,13藝文與教育
13-57,練習,lienˋ sibˋ,練習,多練習，斯會進步,多練習，就會進步。,,動詞,,13藝文與教育
13-58,溜滑梯（觸車）,liu+ vadˋ toi+ (chuˋ cha+),溜滑梯,搞溜滑梯愛排列,玩溜滑梯要排隊。,,名詞,,13藝文與教育
13-59,研究,ngienˇ giuˋ,研究,"佢專門研究蟲
阿哥讀研究所","他專門研究昆蟲。
哥哥讀研究所。",ngien  giuˋ亦可,名詞,,13藝文與教育
13-60,年生,ngienˇ sen+,...年級,"老弟今年二年生
你這下幾多年生？","弟弟今年二年級。
你現在幾年級？",,名詞,,13藝文與教育
13-61,避暑,pid^ chu^,放暑假,學生七月開始避暑,學生七月開始放暑假。,,動詞,名詞,13藝文與教育
13-62,泅水（泅身）,ciuˇ shui^ (ciuˇ shinˊ),游泳,在河壩泅水,在河裡游泳。,,動詞,,13藝文與教育
13-63,小學,siau^ hogˋ,小學,讀小學,讀小學。,,名詞,,13藝文與教育
13-64,字,siiˋ,字,這篇文章有幾多隻字？,這篇文章有多少個字？,,名詞,,13藝文與教育
13-65,書,shu+,書,一本書,一本書。,,名詞,,13藝文與教育
13-66,書店,shu+ diamˋ,書店,這間書店麼个書都有賣,這間書店什麼書都有賣。,,名詞,,13藝文與教育
13-67,書包,shu+ bau+,書包,字簿在書包裡肚,作業簿在書包裡。,,名詞,,13藝文與教育
13-68,大學,taiˋ hogˋ,大學,臺灣大學,臺灣大學。,,名詞,,13藝文與教育
13-69,聽講,ten+ gong^,聽說；聽話,聽講佢愛去英國留學,聽說他要去英國留學。,,動詞,,13藝文與教育
13-70,跳舞,tiauˋ vu^,跳舞,共下跳舞,一起跳舞。,,動詞,,13藝文與教育
13-71,跳格,tiauˇ gag^,跳格子,跳格進前愛先在地泥項畫格,跳格子前要先在地板上畫格子。,,動詞,,13藝文與教育
13-72,跳索,tiauˇ sog^,跳繩,跳索愛注意，莫徑着！,跳繩要注意，不要絆到！,,動詞,,13藝文與教育
13-73,電影,tienˋ rhang^,電影,佢逐禮拜都去看電影,他每星期都去看電影。,,名詞,,13藝文與教育
13-74,圖,tuˇ,圖,畫一張圖,畫一張圖。,,名詞,,13藝文與教育
13-75,圖書館,tuˇ shu+ guan^,圖書館,入去圖書館愛細聲,進入圖書館要小聲。,,名詞,,13藝文與教育
13-76,讀,tugˋ,讀,讀書係讀毋來，斯去做事,如果讀書讀不來，就去工作。,,動詞,,13藝文與教育
13-77,讀書,tugˋ shu+,讀書；上學,"在間項讀書
佢堵好愛去讀書","在房間裡讀書。
他恰好要去上學。",,動詞,,13藝文與教育
13-78,同學,tungˇ hogˋ,同學,同學莫冤家,同學不要吵架。,,名詞,,13藝文與教育
13-79,文字,vunˇ siiˋ,文字,愛用文字記錄落來，正毋會毋記得,要用文字記錄下來，才不會忘記。,,名詞,,3外在活動與動作
13-80,文章,vunˇ zhong+,文章,寫文章,寫文章。,,名詞,,13藝文與教育
13-81,心得,sim+ ded^,心得,研習過後愛交心得,研習過後要交心得。,,名詞,,13藝文與教育
13-82,新聞,sin+ vunˇ,新聞,看新聞,看新聞。,,名詞,,13藝文與教育
13-83,走相逐,zeu^ siong+ giug^,賽跑,六個人在該走相逐,六個人在那賽跑。,,動詞,,13藝文與教育
13-84,主持,zhu^ chiˇ,主持,這節目係麼人主持个？,這節目是誰主持的？,,動詞,,13藝文與教育
13-85,主角,zhu^ gog^,主角,該齣戲个主角高天天,那部戲的主角很高。,,名詞,,13藝文與教育
14-1,拜,baiˋ,祭拜,"拜祖公
拜神明","祭拜祖先。
祭拜神明。",,動詞,,14歲時祭儀、習俗與宗教
14-2,香,hiong+,香（味道）；香（祭拜用品）,"爌肉个味瑞當香
擎三支香拜喏","爌肉的味道很香。
拿三支香拜拜。",,形容詞,名詞,14歲時祭儀、習俗與宗教
14-3,點香（燒香）,diam^ hiong+ (sheu+ hiong+),燒香,去廟項點香拜喏,去廟裡燒香拜拜。,,動詞,,14歲時祭儀、習俗與宗教
14-4,鬼,gui^,鬼,你仰脣恁緊張？看着鬼係無？,你怎麼那麼緊張？看到鬼是嗎？,,名詞,,14歲時祭儀、習俗與宗教
14-5,廟,miauˋ,廟,"義民廟
去廟項看人做戲","義民廟。
去廟口看人演戲。",,名詞,,14歲時祭儀、習俗與宗教
14-6,祖公 ,zu^ gung+ ,祖先,過節愛拜祖公,過節要祭拜祖先。,,名詞,,14歲時祭儀、習俗與宗教
14-7,伯公,bag^ gung+,土地公,初一十五愛拜伯公,初一十五要拜土地公。,,名詞,,14歲時祭儀、習俗與宗教
14-8,伯公下,bag^ gung+ ha+,土地公廟、土地公廟旁,阿爹在伯公下坐涼,爺爺在土地公廟旁乘涼。,,副詞,,14歲時祭儀、習俗與宗教
14-9,神明,shinˇ minˇ,神明,拜神明,拜神明。,,名詞,,14歲時祭儀、習俗與宗教
14-10,天公,tien+ gung+,老天爺；玉皇大帝,"天公落雨
年初九天公生","天空下雨。
年初九玉皇大帝生辰。",,名詞,,14歲時祭儀、習俗與宗教
14-11,出世,chud^ sheˋ,出生,嬰兒正出世當得人惜,嬰兒剛出生時很可愛。,,動詞,,14歲時祭儀、習俗與宗教
14-12,生日, sang+ ngid^,生日,阿爹這禮拜做大生日,祖父這星期過大壽。,,名詞,,14歲時祭儀、習俗與宗教
14-13,過身,goˋshin+,過世,阿太過身十外年咧！,曾祖母（父）過世十幾年了！,,動詞,,14歲時祭儀、習俗與宗教
14-14,嫁,gaˋ,嫁,"阿伯這禮拜愛嫁妹
你吂嫁，佢吂討","伯伯這星期要嫁女兒。
你未嫁，他未娶。",,動詞,,14歲時祭儀、習俗與宗教
14-15,結婚,gied^ fun+,結婚,阿哥下禮拜愛結婚,哥哥下禮拜要結婚。,,虛詞,,14歲時祭儀、習俗與宗教
14-16,食酒,shidˋ ziu^,喝喜酒；喝酒,"阿泉討親，共下來去食酒好無？
食酒莫駛車，駛車莫食酒！","阿泉娶親，一起去喝喜酒好嗎？
喝酒不開車，開車不喝酒！",,動詞,,14歲時祭儀、習俗與宗教
14-17,過年,goˋ ngienˇ,過年,過年尞歸禮拜，愛去哪行行嚟無？,過年放一星期假，要去哪裡走走嗎？,,名詞,,14歲時祭儀、習俗與宗教
14-18,紅包,fungˇ bau+,紅包,你有紅包袋無？分一隻分𠊎,你有紅包袋嗎？分一個給我。,,名詞,,14歲時祭儀、習俗與宗教
14-19,紙炮,zhi^ pauˋ,鞭炮,過年會打紙炮,過年會放鞭炮。,,名詞,,14歲時祭儀、習俗與宗教
14-20,打紙炮,da^ zhi^ pauˋ,放鞭炮,細人在禾埕項打紙炮,小孩子在院子裡放鞭炮。,,動詞,,14歲時祭儀、習俗與宗教
14-21,季節,guiˋ zied^,季節,一年有四個季節,一年有四個季節。,,名詞,,14歲時祭儀、習俗與宗教
14-22,新年,sin+ ngienˇ,新年,過新年，著新衫！,過新年，穿新衣！,,名詞,,14歲時祭儀、習俗與宗教
14-23,正月半,zhang+ ngiedˋ banˋ,正月半，元宵節,正月半，各地都有燈會,元宵節，各地都有燈會。,,名詞,,14歲時祭儀、習俗與宗教
14-24,五月節,ng^ ngiedˋ zied^,端午節,五月節食粽,端午節吃粽子。,,名詞,,14歲時祭儀、習俗與宗教
14-25,䌈粽,tag^ zungˋ,包粽子,五月節阿奶會䌈粽,端午節祖母會包粽子。,,動詞,,14歲時祭儀、習俗與宗教
14-26,冬節（冬至）,dung+ zied^ (dung+ zhiˋ),冬至,"冬節該日，日盡短
冬節食惜圓，斯大加一歲","冬至那天，白天最短。
冬至吃湯圓，就會長一歲。",,名詞,,14歲時祭儀、習俗與宗教
15-1,恁泥,an^ neˇ,這樣,"逐擺都恁泥，會譴死！
恁泥斯當會咧！","每次都這樣，會氣死！
這樣就很棒了！",,副詞,,15代詞
15-2,等,en+ nenˊ,我們（包含所有聽話者）,,,,代詞,,15代詞
15-3,等大家（大自家）,en+ nenˊ taiˋ ga+ (taiˋ ci+ ga+),我們大家（包含所有聽話者）,,,,代詞,,15代詞
15-4,這兜（）,en+ lia^ deu+ (enˊ),咱們（包含所有聽話者）,,,,代詞,,15代詞
15-5,該,gaiˋ,那,該狗有狗蝨,那隻狗有狗蝨。,,代詞,,15代詞
15-6,該兜,gaiˋ deu+,那些,該兜書放地泥項會徑人,那些書放在地板上會絆倒人。,,副詞,,15代詞
15-7,該片,gaiˋ pien^,那邊,該片山較低，這片較高,那邊的山比較低，這邊的山比較高。,,副詞,,15代詞
15-8,該位,gaiˋ vuiˋ,那裡,該位有賣煙腸，去買兩支來食,那裡有賣香腸，去買兩支來吃。,,副詞,,15代詞
15-9,該下（該滿）,gaiˋ haˋ (gaiˋ man+/gaiˋ manˊ),那時,"做大水該下已得人驚
該下𠊎還細，哪有可能記得","水災那時候非常可怕。
那時我還小，怎麼可能記得。",,副詞,,15代詞
15-10,該央時（該當時）,gaiˋ rhong+ shiˇ (gaiˋdong+ shiˇ),那時；那時候,"讀大學該央時
該央時个風搓當嚴重","讀大學那時。
那時的颱風很嚴重。",,副詞,,15代詞
15-11,個人,gaiˋ nginˇ,個人,𠊎個人个想法同大家無共樣,我個人的想法跟大家不一樣。,,代詞,,15代詞
15-12,幾,gi^/gid^,疑問詞,這西瓜幾多錢？,這西瓜多少錢？,,代詞,,15代詞
15-13,佢,giˇ,他,,,,代詞,,15代詞
15-14,厥等,gia+ nenˊ,他們,,,,代詞,,15代詞
15-15,厥（厥个）,gia+ (gia+ gai+),他的,,,,代詞,,15代詞
15-16,這,lia^ ,這,係這隻，毋係該隻,是這個，不是那個。,,代詞,,15代詞
15-17,這片,lia^ pien^,這邊,這片地泥仰脣恁滑？,這邊地板怎麼那麼滑？,,代詞,,15代詞
15-18,這位（這項）,lia^ vuiˋ (lia^ hong+),這裡（此處）,這位係市場，過行過去兜有賣場,這裡是市場，再走過去一點有賣場。,,代詞,,15代詞
15-19,這兜,lia^ deu+,這些,這兜糖，你拿去食啊！,這些糖果，你拿去吃吧！,,代詞,,15代詞
15-20,其他,kiˇ ta+,其他,還有其他个事無？,還有其他的事嗎？,,代詞,,15代詞
15-21,麼个,ma^ gai+,什麼,你講麼个？𠊎無聽着,你說什麼？我沒聽到。,,代詞,,15代詞
15-22,麼人,men^ nginˇ,什麼人；誰,若屋家恁鬧熱，麼人來尞？,你家裡那麼熱鬧，誰來串門子？,,代詞,短語,15代詞
15-23,若等,ngia+ nenˊ,你們,,,,代詞,,15代詞
15-24,哪,neˋ,哪,哪個？,哪個？,,代詞,,15代詞
15-25,哪兜,neˋ deu+,哪些,哪兜係愛擲撇个？,哪些是要丟掉的？,,代詞,,15代詞
15-26,哪位,neˋ vuiˋ,哪裡,你在哪位？,你在哪裡？,,代詞,,15代詞
15-27,你,hnˇ,你,,,,代詞,,15代詞
15-28,吾（吾个）,nga+ (nga+ gai+),我的,,,,代詞,,15代詞
15-29,𠊎,ngaiˇ,我,,,,代詞,,15代詞
15-30,𠊎自家,ngaiˇ ci+ ga+,我自己,莫講你，𠊎自家乜無好食！,別說你，我自己也沒得吃！,,代詞,,15代詞
15-31,吾等,nga+ nenˊ,我們（不含受話者）,,,,代詞,,15代詞
15-32,若（若个）,ngia+ (ngia+ gai+),你的,,,,代詞,,15代詞
15-33,仰脣（仰）,ngiong^ shunˇ (ngiong^),怎樣,"這菜仰脣賣？
無你試着愛仰脣做正著？","這菜怎麼賣？
不然你覺得要怎麼做才對？",,副詞,,15代詞
15-34,仰會 (仰脣會),ngiong^ voiˋ (ngiong^ shunˇ voiˋ)  ,怎麼會,"你仰會恁慶！
你仰會知厥名？","你怎麼會這麼厲害！
你怎麼會知道他的名字？",,虛詞,,15代詞
15-35,別儕（別人）,pedˋ saˇ (pedˋ nginˇ),別人,,,,副詞,,15代詞
15-36,自家,ci+ ga+,自己,在外地做事，愛好好照顧自家！,在外面工作，要好好照顧自己！,,代詞,,15代詞
15-37,大家（大自家）,taiˋ ga+ (taiˋ ci+ ga+),大家,佢對人當惡，大家都已惱佢,他對人很凶，大家都很討厭他。,,代詞,,15代詞
15-38,大人,taiˋ nginˇ,大人,大人講个話愛聽,大人說的話要聽。,,名詞,,15代詞
16-1,把,ba^,把（量詞）,一把竹,一把竹子。,,數/量詞,,16數詞量詞
16-2,八（8）,bad^,8,,,,數/量詞,,16數詞量詞
16-3,百,bag^,百（數詞）,"總共百五！
算你兩百個銀斯好！","總共一百五十元！
算你兩百元就好！",,數/量詞,,16數詞量詞
16-4,擺（到）,bai^ (doˋ),次、回（量詞）,使得過講一擺無?,可以再說一次嗎？,,數/量詞,,16數詞量詞
16-5,半,banˋ,半,這半析雞送你,這半隻雞送你。,,數/量詞,,16數詞量詞
16-6,班,ban+,班級（量詞）,這間學校正五個班,這間學校才五個班級。,,數/量詞,,16數詞量詞
16-7,杯,bui+,杯（量詞）,使得倒加一杯來無？,可以再倒一杯嗎？,,數/量詞,,16數詞量詞
16-8,本,bun^,本（量詞）,一本書,一本書。,,數/量詞,,16數詞量詞
16-9,車,cha+,車（量詞）,東西恁多，怕愛兩車正載得撇,東西那麼多，可能要兩車次才載得了。,,數/量詞,,16數詞量詞
16-10,尺,chag^,尺；臺尺,"一支尺
大約五尺長","一支尺。
大約五尺長。",,名詞,數/量詞,16數詞量詞
16-11,層,cenˇ,層（量詞）,九層粄,九層糕。,,數/量詞,,16數詞量詞
16-12,串,chonˋ,串（量詞）,一串玉蘭花,一串玉蘭花。,,數/量詞,,16數詞量詞
16-13,床,congˇ,床（量詞）,一床菜頭粄,一床蘿蔔糕。,,數/量詞,,16數詞量詞
16-14,隊,chuiˋ,隊（量詞）,第六小隊,第六小隊。,,數/量詞,,16數詞量詞
16-15,頂,den^,頂（量詞）,三頂安全帽,三頂安全帽。,,數/量詞,,16數詞量詞
16-16,垤,deˋ,塊,兩垤豆腐,兩塊豆腐。,,數/量詞,,16數詞量詞
16-17,點鐘,diam^ zhung+,小時,昨晡日正睡着五點鐘忒等,昨天才睡了五個小時而已。,,數/量詞,,16數詞量詞
16-18,點,diam^,時（量詞）,下晝兩點,下午兩點。,,數/量詞,,16數詞量詞
16-19,到,doˋ,次（量詞）,這藥一日食三到,這藥一天吃三次。,,數/量詞,,16數詞量詞
16-20,堆,doi+/dui+,堆（量詞）,等下，來去屙堆尿,等一下，來去小便。,,名詞,,16數詞量詞
16-21,回,fuiˇ,回（量詞）,上回有講過，仰脣又毋記得？,上次有講過，怎麼又不記得？,,數/量詞,,16數詞量詞
16-22,戶,fuˋ,戶（量詞）,這山項正兩戶人家忒等,這山上只有兩戶人家而已。,,數/量詞,,16數詞量詞
16-23,分鐘,fun+ zhung+,分鐘,還伸兩分鐘，你較遽兜好無？,還剩兩分鐘，你快一點好嗎？,,數/量詞,,16數詞量詞
16-24,封,fung+,封（量詞）,這封信係韓國寄來个,這封信是韓國寄來的。,,數/量詞,,16數詞量詞
16-25,個,gaiˋ,個（量詞）,一個嬰兒,一個嬰兒。,,數/量詞,,16數詞量詞
16-26,句,giˋ,句（量詞）,佢這句話當傷人,他這句話很傷人。,,數/量詞,,16數詞量詞
16-27,支,gi+,支（量詞）,一支牙刷,一支牙刷。,,數/量詞,,16數詞量詞
16-28,間,gien+,間（量詞）,厥屋家有兩間便所，當方便,他的家有兩間廁所，很方便。,,數/量詞,,16數詞量詞
16-29,斤,gin+,臺斤,這半斤六十個銀，一斤算你一百斯好,這半斤六十元，一斤算你一百就好。,,數/量詞,,16數詞量詞
16-30,九（9）,giu^,9,,,,數/量詞,,16數詞量詞
16-31,國,guad^,國（量詞）,愛去哪國尞？,要去哪個國家玩？,,數/量詞,,16數詞量詞
16-32,公斤,gung+ gin+,公斤,五十公斤,五十公斤。,,數/量詞,,16數詞量詞
16-33,公里,gung+ li+,公里,四十公里遠,四十公里遠。,,數/量詞,,16數詞量詞
16-34,下,haˋ,次、下,若兔當得人惜，𠊎使得摸一下無？,你的兔子很可愛，我可以摸一下嗎？,,數/量詞,,16數詞量詞
16-35,盒,habˋ,盒（量詞）,一盒餅,一盒糕餅。,,數/量詞,,16數詞量詞
16-36,口,heu^/kieu^,口（量詞）,"這忒甜，佢食兩口斯無愛食咧！
大大口食，一下斯食撇咧","這太甜，他吃兩口就不要吃了！
大口吃，一下就吃完了！",,數/量詞,,16數詞量詞
16-37,號,hoˋ,號,單項寫緊八十五號,單子上寫著八十五號。,,數/量詞,,16數詞量詞
16-38,行,hongˇ,行（量詞）,寫兩行字,寫兩行字。,,數/量詞,,16數詞量詞
16-39,頁,rhabˋ,頁（量詞）,第二十頁,第二十頁。,,數/量詞,,16數詞量詞
16-40,一（1）,rhid^,1,,,,數/量詞,,16數詞量詞
16-41,一半,rhid^ banˋ,一半,這垤餅你兩兄弟一儕一半,這塊餅乾你們兩兄弟一人一半。,,副詞,,16數詞量詞
16-42,節,zied^,節（量詞，用於時間、車廂計算）,"朝晨（朝脣）有四節課
火車有十二節車子，使得載當多人","早上有四節課。
火車有十二節車廂，可以載很多人。",,數/量詞,,16數詞量詞
16-43,級,kib^/gib^,級（量詞）,"中級。
高級。","中級。
高級。",,數/量詞,,16數詞量詞
16-44,件,kienˋ,件（量詞）,這件事情當大條，愛仰脣處理？,這件事情很嚴重，要怎麼處理？,,數/量詞,,16數詞量詞
16-45,零（0）,lenˇ/linˇ,0、零,,,,數/量詞,,16數詞量詞
16-46,粒,liabˋ,粒、顆（量詞）,"厥面項有兩三粒飯糝
西瓜大嫲粒","他的臉上有兩三顆飯粒。
西瓜很大顆。",,數/量詞,,16數詞量詞
16-47,領,liang+,領；件（量詞）,"阿奶愛去銀行領錢
這領衫愛一千個銀","祖母要去銀行領錢。
這件衣服要價一千元。",,數/量詞,,16數詞量詞
16-48,輪,lin+,次,自家行一輪，斯會知咧,自己走一次，就會知道了。,,數/量詞,,16數詞量詞
16-49,鄰,linˇ,鄰,八鄰,八鄰。,,數/量詞,,16數詞量詞
16-50,兩,liong^,兩（數詞）,兩斤米,兩斤米。,,數/量詞,,16數詞量詞
16-51,臺,toiˇ,臺、輛（車輛）,兩臺車,兩臺車。,,數/量詞,,16數詞量詞
16-52,六（6）,liug^,6,,,,數/量詞,,16數詞量詞
16-53,蕊,lui+,朵（量詞）,摘一蕊花分你,摘一朵花給你。,,數/量詞,,16數詞量詞
16-54,秒,miau^,秒,𠊎分你二十秒想下,我給你二十秒思考一下。,,名詞,,16數詞量詞
16-55,五（5）,ng^,5,,,,數/量詞,,16數詞量詞
16-56,二（2）,ngiˋ,2,,,,數/量詞,,16數詞量詞
16-57,日,ngid^,日（量詞）,厥兩公姐愛去泰國尞五日,他們夫妻倆要去泰國玩五天。,,數/量詞,,16數詞量詞
16-58,月,ngiedˋ,月（量詞）,暑假有兩個月,暑假有兩個月。,,數/量詞,,16數詞量詞
16-59,年,ngienˇ,年（量詞）,三十年,三十年。,,名詞,,16數詞量詞
16-60,銀（個銀）,ngiunˇ (gaiˋ ngiunˇ),元（量詞）,兩千五百個銀,兩千五百元。,,數/量詞,,16數詞量詞
16-61,排,paiˇ,排（量詞）,一排樹,一排樹木。,,數/量詞,,16數詞量詞
16-62,盤,panˇ,盤,一盤炒蕹菜,一盤炒空心菜。,,數/量詞,,16數詞量詞
16-63,皮,piˇ,東西的表層；皮革製的；片（量詞）,"豬皮
皮鞋
去屋背摘一兩皮七緣插","豬皮。
皮鞋。
去房子後面摘一兩片九層塔。",,數/量詞,,16數詞量詞
16-64,篇,pien+,篇（量詞）,一篇論文,一篇論文。,,數/量詞,,16數詞量詞
16-65,七（7）,cid^,7,,,,數/量詞,,16數詞量詞
16-66,千,cien+,千（數詞）,七千頭樹,七千棵樹。,,數/量詞,,16數詞量詞
16-67,錢,cienˇ,錢；錢（量詞）,"賺無錢。
車錢幾多？
手禁兩錢重。","賺不到錢。
車費多少錢？
戒指重兩錢。",,數量詞/名詞,,16數詞量詞
16-68,儕,saˇ,人數（量詞）,屋家單淨佢一儕人忒等,家裡只有他一人而已。,,數/量詞,,16數詞量詞
16-69,三（3）,sam+,3,,,,數/量詞,,16數詞量詞
16-70,歲,seˋ,歲（量詞）,十八歲,十八歲。,,數/量詞,,16數詞量詞
16-71,十（10）,shibˋ,10,,,,數/量詞,,16數詞量詞
16-72,十一,shibˋ rhid^,11,,,,數/量詞,,16數詞量詞
16-73,十二,shibˋ ngiˋ,12,十二生肖,十二生肖。,,數/量詞,,16數詞量詞
16-74,身,shin+,套（量詞）,一身西裝,一套西裝。,,數/量詞,,16數詞量詞
16-75,首,shiu^,首（量詞）,唐詩三百首,唐詩三百首。,,數/量詞,,16數詞量詞
16-76,雙,sung+,雙（量詞）,歸朝晨（朝脣）正賣撇一雙鞋,整個早上只賣了一雙鞋。,,數/量詞,,16數詞量詞
16-77,頭,teuˇ,棵（量詞）,恁大頭个樹,那麼大棵的樹。,,數/量詞,,16數詞量詞
16-78,條,tiauˇ,條；首（量詞）,寫一條歌,寫一首歌。,,數/量詞,,16數詞量詞
16-79,臺,toiˇ,臺（量詞）,一臺電視,一臺電視。,,數/量詞,,16數詞量詞
16-80,段,tonˋ,段,中山路一段,中山路一段。,,數/量詞,,16數詞量詞
16-81,度,tuˋ,度（量詞）,電用撇幾多度,電用了多少度？,,數/量詞,,16數詞量詞
16-82,通,tung+,通（量詞）,打恁多通電話，仰全無接？,打那麼多通電話，怎麼都沒接？,,數/量詞,,16數詞量詞
16-83,萬,vanˋ,萬（數詞）,一萬個人,一萬個人。,,數/量詞,,16數詞量詞
16-84,鑊,vogˋ,鍋,煮一鑊飯,煮一鍋飯。,,數/量詞,,16數詞量詞
16-85,碗,van^,碗,一碗豬肝湯,一碗豬肝湯。,,數/量詞,,16數詞量詞
16-86,四（4）,siˋ,4,,,,數/量詞,,16數詞量詞
16-87,隻,zhag^,隻（量詞）,這貓嫲養兩隻貓子,這母貓生了兩隻小貓。,,數/量詞,,16數詞量詞
16-88,張,zhong+,張（量詞）；姓氏,"一張衛生紙
佢嫁分姓張个          ","一張衛生紙。
她嫁給姓張的。",,數/量詞,,16數詞量詞
16-89,組,zu+,組（量詞）,一組號碼,一組號碼。,,數/量詞,,16數詞量詞
16-90,棧,zan^,層（樓的量詞）,這屋正兩棧樓忒等,這屋子才兩層樓而已。,,數/量詞,,16數詞量詞
16-91,禮拜,li+ baiˋ,星期,兩禮拜去臺北一到,兩星期去一次臺北。,"星期(sen+ kiˇ)也有人使用，但在口語中常用""...禮拜""",名詞,,16數詞量詞
17-1,比,bi^,比較、較量,"阿華比你還較高
有麼个好比？","阿華比你還高。
有什麼好比較？",,虛詞,動詞,17特殊詞類
17-2,本本,bun^ bun^,仍然；本來、原來,你仰食恁久，飯還本本恁多呢？,你怎麼吃了這麼久，飯還仍然這麼多呢？,,副詞,,17特殊詞類
17-3,本來,bun^ loiˇ,本來、原來,阿爸本來愛去个，背尾又取消,爸爸本來要去的，最後又取消。,,副詞,,17特殊詞類
17-4,分,bun+,被…；給予；乞討,"分人打
分佢一垤糖
頭擺掛紙煞，有人會來分粄。
同人分飯食","被人打。
給他一塊糖。
從前掃墓完，有人會來分祭品。
向人乞食。",,虛詞,,17特殊詞類
17-5,在,coi+/to+,在...,無人在屋家,沒人在家。,,虛詞,,17特殊詞類
17-6,除撇…以外,chuˇ ped^…rhiˇ nguaiˋ,除了...以外,除撇工作以外，家庭生活乜已重要。,除了工作以外，家庭生活也非常重要。,,虛詞,,17特殊詞類
17-7,除撇（除了）,chuˇ ped^ (chuˇ liau^),除了、除此之外,除撇英語，你還會講麼个話？,除了英文，你還會說什麼語言？,,虛詞,,17特殊詞類
17-8,除撇,chuˇ ped^,除了；除去,"除撇你還有麼人？
同這草除撇畀","除了你還有誰？
把這草除去",,虛詞,動詞,17特殊詞類
17-9,到,doˋ,到達,楊梅站會到咧！,楊梅站快到了！,,虛詞,動詞,17特殊詞類
17-10,對,duiˋ,從…,"對這片到車頭，愛一點鐘來行
你對哪來？臺北抑苗栗？","從這裡到車站，要走一小時。
你從哪裡來？臺北還是苗栗？",,虛詞,,17特殊詞類
17-11,个,gai+,...的,"阿哥个書包
賣豬肉个","哥哥的書包。
賣豬肉的。",,虛詞,,17特殊詞類
17-12,所以,so^ rhiˇ,所以,佢講笑个，所以你莫譴啦！,他開玩笑的，所以你不要生氣啦！,,虛詞,,17特殊詞類
17-13,係毋係（敢係）,heˋ mˇ heˋ (gam^ heˋ),是不是,冰箱肚个葡萄係毋係你買个？,冰箱裡的葡萄是不是你買的？,,副詞,,17特殊詞類
17-14,抑係（抑）,rha+ heˋ (rha+),或是、還是,佢抑係你使得去？,他還是你可以去？,,虛詞,,17特殊詞類
17-15,因致（因為）,rhin+ zhiˋ (rhin+ vuiˋ) ,因為,因致恁泥斯噭咧，恁見笑！,因為這樣就哭了，真是丟臉！,,虛詞,,17特殊詞類
17-16,樣,rhongˋ,樣子、…似的,"看你恁歡喜个樣
暢都像癲个樣","看你那麼高興的樣子。
高興得像瘋子一樣。",,名詞,,17特殊詞類
17-17,連,lienˇ,連…（連接詞）,這當簡單，連細人都曉得,這很簡單，連小朋友都會。,,虛詞,,17特殊詞類
17-18,毋單淨…又過 （還）,mˇ dan+ ciangˋ… rhiuˋ goˋ (hanˇ),不但...還,佢毋單淨生來靚，又過當有愛心,她不但長得漂亮，還很有愛心。,,虛詞,,17特殊詞類
17-19,毋過,mˇ goˋ,不過,有同佢解釋，毋過佢無法度接受,有跟他解釋，但他無法接受。,,副詞,,17特殊詞類
17-20,無,moˇ,...嗎？,你有看着阿明無？毋知走哪去咧,你有看到阿明嗎？不知道跑去哪裡了。,,副詞,,17特殊詞類
17-21,若係,na+ heˋ,如果,若係有仰脣斯愛講，毋使細義,如果怎麼了就要說，不要客氣。,,虛詞,,17特殊詞類
17-22,原本（原旦）,ngienˇ bun^ (ngienˇ tan^),本來、原來,原本講好个，又詐癲，會譴死！,原本說好的，又裝傻，會氣死！,ngienˇdan^亦可,虛詞,,17特殊詞類
17-23,原來,ngienˇ loiˇ,原來,原來玻璃係你打爛个,原來玻璃是你打破的。,,虛詞,,17特殊詞類
17-24,怕,paˋ,猜想之詞，可能、也許,怕有十公斤重,可能有十公斤重。,,副詞,,17特殊詞類
17-25,盡量,cinˋ liongˋ,盡量,你盡量食，盡好食撇去！,你盡量吃，最好吃完！,,副詞,,17特殊詞類
17-26,斯像,sii+ ciongˋ,似乎,斯像毋係厥事个樣,似乎不是他的事一樣。,,副詞,,17特殊詞類
17-27,從,ciungˇ,從,佢係阿奶從細渡到大个,他是祖母從小帶到大的。,,虛詞,,17特殊詞類
17-28,雖然,sui+ rhenˇ,雖然,雖然恁泥講無毋著，佢還係試着疑狐,雖然這樣說沒錯，他還是感到懷疑。,,虛詞,,17特殊詞類
17-29,撇,ped^,...掉；完了、結束,"該賊牯走撇咧！
過撇个事斯莫過想咧！","那個小偷跑掉了！
過去的事就不要再想了！",,虛詞,,17特殊詞類
17-30,第,tiˋ,第...,"第一儕
第二個","第一人。
第二個。",,副詞,,17特殊詞類
17-31,同,tungˇ,和…、與…,"同你講
同你共下去","跟你說。
和你一起去。",,虛詞,,17特殊詞類
17-32,為着,vuiˋ do^,為了,為着子女食苦,為了子女吃苦。,,虛詞,,17特殊詞類
17-33,都,do+,...得,食都肚屎飽飽,吃得肚子飽飽的。,,虛詞,,17特殊詞類
17-34,,,,,,,,,
17-35,,,,,,,,,
17-36,,,,,,,,,
18-1,暗晡（暗晡頭）,amˋ bu+ (amˋ bu+ teuˇ),晚上,老弟逐暗晡九點睡,弟弟每天晚上九點睡。,,副詞,,18時空與情狀副詞
18-2,暗夜（暗晡夜）,amˋ rhaˋ (amˋ bu+ rhaˋ),今天晚上,暗夜有閒無？,今天晚上有空嗎？,,副詞,,18時空與情狀副詞
18-3,恁,an^,這麼、很,"佢恁後生斯恁曉得，還得人惜。
拜六，夜市恁多人","他這麼年輕就這麼懂事，很討人喜歡。
星期六，夜市這麼多人。",,副詞,,18時空與情狀副詞
18-4,拜…（禮拜…）,baiˋ… (li+ baiˋ...),星期...,拜一有英文課,星期一有英文課。,"星期(sen+ kiˇ)也有人使用，但在口語中常用""拜...(禮拜...)",名詞,,18時空與情狀副詞
18-5,半夜,banˋ rhaˋ,半夜,半夜咧！你做麼个還毋睡？,半夜了！你幹麼還不睡？,,副詞,,18時空與情狀副詞
18-6,半日,banˋ ngid^,半天,行歸半日正到，還遠哦！,走了大半天才到達，真是遠哦！,,副詞,,18時空與情狀副詞
18-7,北,bed^,北,"北海
這間屋係向北个！","北海。
這間房子是朝北的！",,名詞,,18時空與情狀副詞
18-8,屎背尾（背尾）,shiˋ boiˋ mui+ (boiˋ mui+),後面；最後、事後（方位、時間）,"狗在若屎背尾
屎背尾佢正承認係佢偷个","狗在你的背後。
最後他才承認是他偷的。",,副詞,,18時空與情狀副詞
18-9,背後,boiˋ heu+,後面（方位）,"屋背後
",屋子後方。,,副詞,,18時空與情狀副詞
18-10,自從（自）,ciiˋ ciungˇ (ciiˋ),自從,自從車禍過後，佢斯無上班,自從車禍過後，他就沒上班。,,副詞,,18時空與情狀副詞
18-11,昨晡日（昨晡）,caˇ bi+ ngid^ (caˇ biˊ),昨天,昨晡日食齋，使毋得食肉,昨天吃素，不能吃肉。,,副詞,,18時空與情狀副詞
18-12,打早,da^ zo^,一大早,打早斯無閒到今，坐緊尞下,從早忙到現在，坐著休息一下。,,副詞,,18時空與情狀副詞
18-13,逐擺（逐到）,dag^ bai^ (dag^ doˋ),每次,佢逐擺去市場都會買碗粄,他每次去市場都會買碗粄。,,副詞,,18時空與情狀副詞
18-14,逐,dag^,每…,"逐暗晡
逐個人","每晚。
每個人。",,副詞,,18時空與情狀副詞
18-15,單淨,dan+ ciangˋ,僅僅,單淨佢一儕做，哪有法度？,僅僅他一個人做，哪有辦法？,,副詞,,18時空與情狀副詞
18-16,裡背（裡肚、內肚）,di+ boiˋ (di+ du^、nuiˋdu^),裡面；當中,"老人家無在廳下，在裡背煮飯
這恁多人裡背，佢盡慶","老人家不在客廳，在裡面煮飯。
這麼多人中，他最能幹。",,副詞,,18時空與情狀副詞
18-17,到底,doˋ de^,到底,到底愛仰脣做正好呢？,到底要怎麼做才好呢？,,副詞,,18時空與情狀副詞
18-18,當在該…,dong+ coi+ gaiˋ...,正在...、正在那...,當在該食飯，電話斯響咧！,正在吃飯，電話就響了！,,副詞,,18時空與情狀副詞
18-19,當時,dong+ shiˇ,當時,當時無講清楚，搣去冤家,當時沒講清楚，搞到吵架。,,副詞,,18時空與情狀副詞
18-20,當,dong+,很…,比賽打頭名，厥心肝肚當暢,比賽得第一名，他心裡頭很開心。,,副詞,,18時空與情狀副詞
18-21,當晝（當晝頭）,dong+ zhiuˋ (dong+ zhiuˋ teuˇ),中午,當晝，日頭晒去人暈暈,中午，太陽晒得人頭暈。,,副詞,,18時空與情狀副詞
18-22,肚,du^,...裡,"盎肚插核當靚个花
心肝肚當譴","瓶子裡插著很漂亮的花。
心裡很生氣。",,副詞,,18時空與情狀副詞
18-23,堵好,du^ ho^,湊巧,仰恁堵好呢！你來市場買麼个？,怎麼這麼湊巧！你來市場買什麼？,,副詞,,18時空與情狀副詞
18-24,堵堵好,du^ du^ ho^,恰好、正好；完全密合,"這衫著起來堵堵好
時間算都堵堵好","這衣服穿起來剛剛好。
時間算得正好。",,副詞,,18時空與情狀副詞
18-25,對面,duiˋ mienˋ,對面,對面有兩戶人家,對面有兩戶人家。,,副詞,,18時空與情狀副詞
18-26,東,dung+,東,對這片向東行斯會到,從這邊向東走就會到。,,名詞,,18時空與情狀副詞
18-27,方向,fong+ hiongˋ,方向,這片變當多，恁久無來，一下尋無方向,這邊變了許多，這麼久沒來，一下子找不到方向。,,名詞,,18時空與情狀副詞
18-28,隔壁,gag^ biag^,隔壁,"厥等兩儕戴兩隔壁
隔壁叔公下禮拜愛去食酒","他們兩人住隔壁。
隔壁叔公下星期要去喝喜酒。",,名詞,,18時空與情狀副詞
18-29,既經,giˋ gin+,已經,"既經講恁多擺，仰脣還共樣？
阿爹過身既經十年咧！","已經講那麼多次，怎麼還一樣？
祖父過世已經十年了！",,副詞,,18時空與情狀副詞
18-30,幾時（哪時）,gid^ shiˇ (neˋ shiˇ),什麼時候,你幾時愛來尞？愛先講哦！,你何時要來玩？要先說哦！,,副詞,,18時空與情狀副詞
18-31,幾多,gid^ do+,多少,天光日幾多個會來？,明天多少人會來？,,副詞,,18時空與情狀副詞
18-32,遽遽,giag^ giag^,趕緊、趕快,車禍咧！遽遽喊救護車,車禍了！快點叫救護車。,,副詞,,18時空與情狀副詞
18-33,今晡日（今晡）,gim+ bi+ ngid^ (gim+ biˊ),今天,阿姊今晡日過定,姊姊今天訂婚。,,副詞,,18時空與情狀副詞
18-34,今年,gim+ ngienˇ,今年,吾表老妹今年十八歲,我表妹今年十八歲。,,副詞,,18時空與情狀副詞
18-35,緊,gin^,一直,一張嘴緊唊，當吵,一張嘴一直說個不停，很吵。,,虛詞,,18時空與情狀副詞
18-36,緊...緊...,gin^… gin^…,越...越...；一面...一面,"若妹緊大緊靚
緊行緊看，看着中意个正買","你女兒越大越漂亮。
一面走一面看，看到喜歡的再買。",,副詞,,18時空與情狀副詞
18-37,緊來緊...,gin^ loiˇ gin^ ...,越來越...,"緊來緊多
緊來緊靚","越來越多。
越來越漂亮。",,副詞,,18時空與情狀副詞
18-38,久,giu^,久,"過無幾久，阿美斯愛嫁咧！
這片行過去，愛三點鐘久","過沒多久，阿美就要嫁人了！
這邊走過去，要三小時。",,形容詞,,18時空與情狀副詞
18-39,過撇年（明年）,goˋ ped^ ngienˇ (miangˇngienˇ),明年；過年後、過完春節,"阿美過撇年斯愛嫁咧！
過撇年斯愛開工咧！","阿美明年就要嫁了！
過完春節就要開工了！",,副詞,,18時空與情狀副詞
18-40,過後,goˋ heuˋ,之後,食飽過後，出去行行嚟較好。,吃過飯後，出去走一走比較好。,,副詞,,18時空與情狀副詞
18-41,講着,gong^ do^,說到,講着佢斯起譴,說到他就生氣！,,動詞,,18時空與情狀副詞
18-42,下次擺（下次到）,haˋ ciˋ bai^ (haˋ ciˋ doˋ),下次；以後,"下次擺愛記得帶，知無？
這下無閒，下次擺正講。","下次要記得帶，知道嗎？
現在沒空，以後再說。",,副詞,,18時空與情狀副詞
18-43,下背,ha+ boiˋ,下面,在眠床下背囥核,在床下躲著。,,副詞,,18時空與情狀副詞
18-44,下晝（下晝頭）,ha+ zhiuˋ (ha+ zhiuˋ teuˇ),下午,下晝去改菜園,下午去菜園鬆土。,,副詞,,18時空與情狀副詞
18-45,還,hanˇ,同華語「還」的用法，有更（還較貴）、再（還過）等意思,"這下水果比頭擺還較貴
都喊你莫講咧還過講","現在水果比以前還貴。
就叫你不要講了還講。",,副詞,,18時空與情狀副詞
18-46,還係,hanˇ heˋ,還是,講恁多擺咧，佢還係共樣毋改,講那麼多次了，他還是一樣不改。,,副詞,,18時空與情狀副詞
18-47,還有,hanˇ rhiu+,還有,還有一個吂到,還有一人沒到。,,副詞,,18時空與情狀副詞
18-48,還,hanˇ,很...,該蛇哥恁大尾，還得人驚,那條蛇很大尾，很可怕。,,副詞,,18時空與情狀副詞
18-49,後背,heuˋ boiˋ,後面,囥在門後背,躲在門後面。,,名詞,,18時空與情狀副詞
18-50,過後（後來）,goˋ heuˋ (heuˋ loiˇ),後來,本來講愛來，過後佢又講無閒,本來說要來，後來他又說沒空。,,副詞,,18時空與情狀副詞
18-51,後日,heu+ ngid^,後天,後日正同你講，好無？,後天再跟你講，好嗎？,,副詞,,18時空與情狀副詞
18-52,後尾,heuˋ mui+,後面，較常用於方位,若位在盡後尾,你的位子在最後面。,,副詞,,18時空與情狀副詞
18-53,現代,hienˋ toiˋ,現代,現代人,現代人。,,副詞,,18時空與情狀副詞
18-54,好得（好在）,ho^ ded^ (ho^ caiˋ),幸好,這擺好得有你𢯭手,這次幸好你幫忙。,,副詞,,18時空與情狀副詞
18-55,以前（進前）,rhi+ cienˇ (zinˋ cienˇ),...之前；以前,"
下班以前愛交出來
𠊎以前分這個先生教","下班之前要交出來。
我以前被這個老師教。",,副詞,,18時空與情狀副詞
18-56,已,iˋ,很...,厥屋家已好額,他家裡很富裕。,,副詞,,18時空與情狀副詞
18-57,這下（現下、這滿）,lia^ haˋ (hienˋ haˋ、lia^ manˊ),現在,這下愛仰結煞？遽遽想辦法,現在要怎麼辦？快想辦法。,,名詞,,18時空與情狀副詞
18-58,也（乜）,rha+ (me+),也...,𠊎好食冰，佢也同𠊎共樣,我喜歡吃冰，他也跟我一樣。,,副詞,,18時空與情狀副詞
18-59,一般,rhid^ ban+ ,一般,一般來講，私立个學校學費較貴,一般來說，私立的學校學費比較貴。,,副詞,形容詞,18時空與情狀副詞
18-60,一定, rhid^ tinˋ,一定,"你一定愛來參加
這無一定係佢拿去个，你使得問佢","你一定要來參加。
這不一定是他拿去的，你可以問他。",,副詞,,18時空與情狀副詞
18-61,一下（一下那）,rhid^ haˋ (rhid^ haˋ naˋ),一下子,這當簡單，一下斯好咧,這很簡單，一下子就好了。,,副詞,,18時空與情狀副詞
18-62,遠,rhen^,遠,"這到該有五公里遠
愛行當遠正行得到","這到那有五公里遠。
要走很遠才走得到。",,形容詞,,18時空與情狀副詞
18-63,又,rhiuˋ,又,細人搞紙炮，又驚又好,小孩放鞭炮，又害怕又喜歡。,,副詞,,18時空與情狀副詞
18-64,正手片（正片、右片、正片析）,zhinˋ shiu^ pien^ (zhinˋ pien^、rhiuˋ pien^、zhinˋ pien^ sag^),右邊,企在厥正手片,站在他的右邊。,,副詞,,18時空與情狀副詞
18-65, 有影,rhiu+ rhang^,果真，真的,"這菜有影好食！使得教𠊎煮無？
聽你講都有來有去，敢有影？","這菜真的好吃！可以教我煮嗎？
聽你講得滔滔不絕，真的嗎？",,副詞,,18時空與情狀副詞
18-66,有時節（成半下）,rhiu+ shiˇ zied^ (shangˇ banˋ haˋ),有時候,佢有時節會好恬恬起譴,他有時候會無緣無故生氣。,,副詞,,18時空與情狀副詞
18-67,尤其,rhiuˇ kiˇ,尤其,班項逐個都當牛，尤其係佢,班上每個人都很淘氣，尤其是他。,,副詞,,18時空與情狀副詞
18-68,輒,ziabˋ,常,阿哥做兵，當輒寫信轉來,哥哥當兵，很常寫信回來。,,副詞,,18時空與情狀副詞
18-69,輒輒,ziabˋ ziabˋ,常常,阿爹臨暗輒輒去過家尞,祖父傍晚常常去鄰居家聊天。,,副詞,,18時空與情狀副詞
18-70,將來,ziong+ loiˇ,將來,將來个事情還恁久，到時正講,將來的事情還那麼久，到時候再講。,,副詞,,18時空與情狀副詞
18-71,較,ka+,較…,"行較上兜
佢較大","走到上面一點。
他比較大。",,副詞,,18時空與情狀副詞
18-72,其實,kiˇ shidˋ,其實,其實佢係當省个人,其實他是很節省的人。,,副詞,,18時空與情狀副詞
18-73,舊年,kiuˋ ngienˇ,去年,舊年買个衫，看着還新新,去年買的衣服，看起來還很新。,,副詞,,18時空與情狀副詞
18-74,近,kiun+,近,對屋家行到學校已近,從家裡走到學校很近。,,形容詞,,18時空與情狀副詞
18-75,共下,kiungˋ haˋ,一起,共下來去看電影，愛無？,一起去看電影，要嗎？,,副詞,,18時空與情狀副詞
18-76,里,li+,里,文山里里長,文山里里長,,名詞,,18時空與情狀副詞
18-77,禮拜（禮拜日）,li+ baiˋ (li+ baiˋ ngid^),星期日,禮拜日放尞，來去仙山行行啊嚟！,禮拜天放假，去仙山走走！,,副詞,,18時空與情狀副詞
18-78,臨暗（臨暗頭）,limˇ amˋ (limˇ amˋ teuˇ),傍晚,臨暗轉夜，準備食飯咧,傍晚回家，準備吃飯了。,,副詞,,18時空與情狀副詞
18-79,老頭擺（老古時代）,lo^ teuˇ bai^ (lo^ gu^ shiˇ toiˋ),古代,佢已會講老頭擺个古。,他很會說古代的故事。,,名詞,,18時空與情狀副詞
18-80,毋,mˇ,表否定，不要,"這眠床忒硬，佢睡毋慣
果子無甜，毋好食","這床太硬，他睡不習慣。
水果不甜，不好吃。",,副詞,,18時空與情狀副詞
18-81,毋使,mˇ sii^,不必、不用,"你這下麼个都毋使想
人來斯好！毋使恁工夫","你現在什麼都不用想。
人來就好！不用這麼費工。",,副詞,,18時空與情狀副詞
18-82,吂,mangˇ,尚未、還沒,仰還吂寫功課？,怎麼還沒寫功課？,,副詞,,18時空與情狀副詞
18-83,乜,me+,也,你愛去哪？𠊎乜想跈。,你要去哪裡？我也想跟著去。,,副詞,,18時空與情狀副詞
18-84,面頂（上背）,mienˋ den^ (shongˋ boiˋ),上面,牛乳放在若書桌面頂,牛奶放在你的書桌上面。,,副詞,,18時空與情狀副詞
18-85,面前（頭前、面頭前）,mienˋ cienˇ (teuˇ cienˇ、mienˋ teuˇ cienˇ),前面,在大人面前，使毋得恁無規矩,在大人前面，不可以這麼沒規矩。,,副詞,,18時空與情狀副詞
18-86,無,moˇ,沒有,細人無伴好尞，當孤栖,小孩沒有伴一起玩耍，很孤單。,,副詞,,18時空與情狀副詞
18-87,哪（滿哪）,neˋ (man+ neˋ),到處,哪都聽得着厥聲,到處都聽得到他的聲音。,,副詞,,18時空與情狀副詞
18-88,哪久（哪久時）,neˋ giu^ (neˋ giu^ shiˇ),何時,愛等到哪久？,要等到何時？,,副詞,,18時空與情狀副詞
18-89,南,namˇ,南,"南風天，地泥溼溼
吹南風","吹南風，地板溼溼的。
吹南風。",,名詞,,18時空與情狀副詞
18-90,另外 ,nangˋ nguaiˋ,另外,過等加下，另外一個吂到！,再等一下，另外一個人還沒到！,,副詞,,18時空與情狀副詞
18-91,淰,nem+,滿,"一半斯好，莫倒恁淰
天時熱，冷氣間肚淰淰个人","一半就好，不要倒那麼滿。
天氣熱，冷氣房裡滿滿的人。",,形容詞,,18時空與情狀副詞
18-92,黏時,ngiamˇ shiˇ,馬上、隨即、立刻,係佢好食个東西，黏時斯無撇咧！,如果是他喜歡吃的東西，馬上就沒了！,,副詞,,18時空與情狀副詞
18-93,日期,ngid^ kiˇ,日期,日期確定吂？,日期確定了沒？,,名詞,,18時空與情狀副詞
18-94,日時頭,ngid^ shiˇ teuˇ,白天,日時頭外背當光，愛使開電火？,白天外面很亮，需要開電燈嗎？,,副詞,,18時空與情狀副詞
18-95,國外,guad^ nguaiˋ,國外,去國外旅行,去國外旅行。,,副詞,,18時空與情狀副詞
18-96,外背,ngoˋ boiˋ,外面,外背在晒菜脯,外面在晒蘿蔔乾。,,副詞,,18時空與情狀副詞
18-97,國內,guad^ nuiˋ,國內,這間店在國內當有名,這間店在國內很有名。,,副詞,,18時空與情狀副詞
18-98,…片,...pien^,...邊,兩片都愛放蠟燭,兩邊都要放蠟燭。,,副詞,,18時空與情狀副詞
18-99,片,pien^,邊（方位）,"正手片
東片","右邊。
東邊。",,名詞,,18時空與情狀副詞
18-100,平常時,pinˇ shongˇ shiˇ,平常,平常時斯愛多運動,平常就要多運動。,,副詞,,18時空與情狀副詞
18-101,單淨（打淨）,dan+ ciangˋ (da^ ciangˋ),單一、只…,教室單淨伸佢一儕。,教室只剩他一個人,,副詞,,18時空與情狀副詞
18-102,前日,cienˇ ngid^,前天,前日去郵便局領錢,前天去郵局領錢。,,副詞,,18時空與情狀副詞
18-103,前年,cienˇ ngienˇ,前年,前年起个屋，這下還當新,前年蓋的房子，現在還很新。,,副詞,,18時空與情狀副詞
18-104,盡尾,cinˋ mui+,最後；後來（方位、時間）,"節目盡尾，有精彩个表演
盡尾，佢還係在臺北買屋","節目最後，有精采的表演。
後來，他還是在臺北買房子。",,副詞,,18時空與情狀副詞
18-105,盡,cinˋ,最…,班項恁多人，佢盡乖,班上那麼多人，他最乖。,,副詞,,18時空與情狀副詞
18-106,全部,cionˇ puˋ,全部,"這菜瓜全部送你
正買着个餅，全部分佢食淨淨","這絲瓜全部送你。
才剛買的糕餅，全部被他吃光光。",,副詞,,18時空與情狀副詞
18-107,自溜（從來）,ciiˋ liuˋ (ciungˇ loiˇ),向來,佢自溜都當準時,他向來都很準時。,,副詞,,18時空與情狀副詞
18-108,重新,chungˇ sin+,重新,重新做加一遍,重新再做一遍。,,副詞,,18時空與情狀副詞
18-109,時節,shiˇ zied^,時候,哪時節愛考試？,什麼時候要考試？,,名詞,,18時空與情狀副詞
18-110,時間,shiˇ gien+,時間,時間吂到，你定定來，毋使鬥緊。,時間還沒到，你慢慢來，不用急。,,名詞,,18時空與情狀副詞
18-111,十分,shibˋ fun+,十分、非常,阿姑逐年做生日，佢都會打電話過來，正經十分有心。,每年姑姑慶生，他都會打電話過來，真的非常有心。,,副詞,,18時空與情狀副詞
18-112,實在,shidˋ caiˋ,實在…,厥兩兄弟，實在會搣死人！,他們兩兄弟，實在會折騰死人！,,副詞,,18時空與情狀副詞
18-113,所在（地方）,so^ caiˋ (tiˋ fong+),地方、位置,這係麼个所在？,這是什麼地方？,,名詞,,18時空與情狀副詞
18-114,所有,so^ rhiu+,所有,所有無用个東西全愛抨撇，你整理下！,所有沒用的東西全部要丟掉，你整理一下！,,形容詞,,18時空與情狀副詞
18-115,上,shongˋ,上方,上坵田,上面那塊田。,,副詞,,18時空與情狀副詞
18-116,上背,shongˋ boiˋ,上面、上方；指北部,叔姆戴在厥上背伙房屋,嬸嬸住在他家上方的伙房屋。,,副詞,,18時空與情狀副詞
18-117,上屋,shongˋ vug^,上頭那一家,上屋叔婆當多歲咧！,上頭那一家的叔婆很老了！,,名詞,,18時空與情狀副詞
18-118,上晝（上晝頭）,shongˋ zhiuˋ (shongˋ zhiuˋ teuˇ),上午,阿奶上晝會去打拳,祖母上午會去打拳。,,副詞,,18時空與情狀副詞
18-119,上擺（上到、上回）,shongˋ bai^ (shongˋdoˋ、shongˋ fuiˇ),上次,上擺有講過，仰脣又毋記得？,上次有講過，怎麼又不記得？,,副詞,,18時空與情狀副詞
18-120,上,shong+,往上,"碫恁高，上毋得！
肥料上肩","臺階那麼高，上不去！
肥料放肩上。",,動詞,,18時空與情狀副詞
18-121,隨時,suiˇ shiˇ,隨時,菜先買便來，隨時斯有好食,菜先買好來，隨時都有得吃。,,副詞,,18時空與情狀副詞
18-122,順續,sunˋ suaˋ,順便,你順續買豆油轉來,你順便買醬油回來。,,副詞,,18時空與情狀副詞
18-123,脣,shunˇ ,...旁邊,以前人屋脣有畜豬,以前人們房子旁邊有養豬。,,副詞,,18時空與情狀副詞
18-124,忒,ted^,太…,"食忒飽
這忒細粒，愛大粒个較好","吃太飽。
這太小顆，要大顆的比較好。",,虛詞,,18時空與情狀副詞
18-125,跈緊（跈核）,tenˇ gin^ (tenˇ hedˋ),跟著；馬上,"跈緊阿姆去市場
等一下，佢跈緊斯來！","跟著媽媽去市場。
等一下，他馬上就來！",,副詞,動詞,18時空與情狀副詞
18-126,頭擺,teuˇ bai^,從前,頭擺係燒樵暖水來洗身,從前是燒柴燒水洗澡。,,副詞,,18時空與情狀副詞
18-127,頭先（頭下）,teuˇ sen+/sien+ (teuˇ haˋ),剛才,頭先有交分佢，佢應該記得！,剛才有交給他，他應該記得！,,副詞,,18時空與情狀副詞
18-128,天光日（天光）,tien+ gong+  ngid^ (tien+ gongˊ),明天、翌日,天光日愛上班,明天要上班。,,名詞,,18時空與情狀副詞
18-129,定著,tinˋ chogˋ,一定,天光日你定著愛來哦！,明天你一定要來哦！,,副詞,,18時空與情狀副詞
18-130,同時,tungˇ shiˇ,同時,"佢兩儕同時到這
佢係先生，同時乜係主任！","他們兩人同時到這裡。
他是老師，同時也是主任！",,副詞,,18時空與情狀副詞
18-131,滑,vadˋ,滑,"地泥滑滑
嘴甜舌滑","地板滑滑的。
油嘴滑舌。",,形容詞,,18時空與情狀副詞
18-132,完全,vanˇ cionˇ,完全,佢完全毋聽人講,他完全不聽別人講。,,副詞,,18時空與情狀副詞
18-133,位,vuiˋ,...處、地方,這位無人賣牛肉，去別位看有無,這地方沒人賣牛肉，去別處看有沒有。,,副詞,,18時空與情狀副詞
18-134,未來,vuiˋ loiˇ,未來,未來个事情已難講,未來的事情很難講。,,名詞,,18時空與情狀副詞
18-135,西,si+,西,西片,西邊。,,名詞,,18時空與情狀副詞
18-136,先,sen+/sien+,先,"你先去，𠊎跈緊到！
先走先贏","你先去，我馬上到！
先跑先贏。",,副詞,,18時空與情狀副詞
18-137,正月,zhang+ ngiedˋ,正月、農曆每年的第一個月,"正月初九天公生
正月半","正月初九玉皇大帝生辰。
正月十五。",,名詞,,18時空與情狀副詞
18-138,正,zhang+,再；才、只有，相當於華語的「才」,"有麼个事情下次擺正講！
正兩個銀忒等","有什麼事情下次再說！
才兩元而已。",,副詞,,18時空與情狀副詞
18-139,朝晨（朝脣）（朝晨頭）（朝脣頭）,zheu+ shunˇ (zheu+ shunˇ teuˇ),早上,逐朝晨（朝脣）去運動已好,每天早上去運動很好。,,副詞,,18時空與情狀副詞
18-140,做麼个,zoˋ ma^ gai+,做什麼；為什麼,"你在該做麼个？
做麼个恁譴？","你在那兒做什麼？
為什麼這麼生氣？",,副詞,,18時空與情狀副詞
18-141,做下（做一下）,zoˋ haˋ (zoˋ rhid^ haˋ),全部,留該一屑做麼个？做下煮撇去,留那一些做什麼？全部煮了。,,副詞,,18時空與情狀副詞
18-142,早,zo^,早,"恁早！
佢今晡日當早斯䟘床","早安！
他今天很早就起床。",,形容詞,,18時空與情狀副詞
18-143,左手片（左片）,zo^ shiu^ pien^（zo^ pien^）,左邊,阿美坐在若左手片,阿美坐在你左邊。,,副詞,,18時空與情狀副詞
18-144,主要,zhu^ rheuˋ,主要,活動主要係佢負責,活動主要是他負責。,,形容詞,,18時空與情狀副詞
18-145,準時,zhun^ shiˇ,準時,後日記得愛準時,後天記得要準時。,,副詞,,18時空與情狀副詞
18-146,總係,zung^ heˋ,總是,"毋好總係罵細人
爺哀總係為着你好","不要總是罵小孩。
父母總是為了你好。",,副詞,,18時空與情狀副詞
18-147,總共,zung^ kiungˋ,總共,這恁多東西，總共幾多錢？,這麼多東西，總共多少錢？,,副詞,,18時空與情狀副詞
18-148,中間,zhung+ gien+,中間,阿哥企在該兩個人个中間,哥哥站在那兩個人的中間。,,副詞,,18時空與情狀副詞
18-149,天光, tien+ gong+,天亮,夜夜讀書讀到天光,每晚讀書到天亮。,,形容詞,,18時空與情狀副詞
18-150,敢有,gam^ rhiu+,有...嗎？,你敢有還佢錢？,你有還他錢嗎？,,副詞,,18時空與情狀副詞
18-151,長在,chongˇ caiˋ,經常,佢長在毋食朝，所以上班無精神,他經常不吃早餐，所以上班沒精神。,,副詞,,18時空與情狀副詞
18-152,通棚,tung+ pangˇ,全部,這通棚分你帶轉去,這全部讓你帶回去。,,副詞,,18時空與情狀副詞
18-153,準講（可比、假使),zhun^ gong^ (ko^ bi^、ga^ sii^),假使、如果,準講你使得，愛通知一下哦！,如果你可以，要通知一下喔！,,副詞,,18時空與情狀副詞
18-154,哪央時,neˋ rhong+ shiˇ,何時,哪央時愛嫁？斯愛通知一下哦！,何時要嫁人？可要通知一下喔！,,副詞,,18時空與情狀副詞
18-155,係無,heˋ moˇ,是嗎？（用於語尾附加問句）,你下個月愛去新竹係無？,你下個月要去新竹是嗎？,,副詞,,18時空與情狀副詞
18-156,幾,gi^,幾，不確定的數量,"正幾個人來忒等
買幾粒包","才幾個人來而已。
買幾個包子。",,副詞,,18時空與情狀副詞
18-157,幾下,gi^ haˋ,猶如華語中的「好幾…」,"幾下擺
幾下日
幾下千萬
幾下年","好幾次
好幾天
好幾千萬
好幾年",,副詞,,18時空與情狀副詞
18-158,素絲,suˋ si+,舒適；完美、精緻、無瑕疵,這間屋戴起來當素絲,這間房子住起來很舒適。,,形容詞,,18時空與情狀副詞
